-6.274134727772642e-05,-6.274134727772642e-05,-2.3908458046906982e-05,-2.539084597760264e-05,-2.5401209459593722e-05,-1.79193007870656e-05,-2.2415675156765383e-05,-2.240632096970757e-05,-2.091386784405258e-05,-1.7928520620392315e-05,-2.5392231535683035e-05,-1.7928009911608035e-05,-2.390839281592264e-05,-2.2406483786154568e-05,-1.642932807767442e-05,-2.5396239832834123e-05,-2.2410465116159394e-05,-1.6432300899473257e-05,-2.3900538385249477e-05,-2.0923372830089676e-05,-1.941185807197534e-05,-1.9423859471721383e-05,-1.9418760720314452e-05,-1.3441059189395182e-05,-1.9421286326689727e-05,-7.461526022830802e-06,-1.345513203210396e-05,-2.9702060054770837e-06,-7.480741837199675e-06,-7.467688353184709e-06,-1.0469319035074703e-05,-3.7369900442378714e-05,-7.176030616403633e-05,-0.00015246477524562586,-0.00027349394811207185,-0.0004902051762287776,-0.0008189463923522498,-0.0013149917571963956,-0.002064987733320237,-0.002998582615355596,-0.004520549018139462,-0.006003268587474815,-0.008312585010554843,-0.009004313616089625,-0.011680681448208682
0.0004945803735500421,0.0004945803735500421,0.00016448964105835508,0.00022490347475362203,0.00014995448219416995,0.00016785094004895715,0.00016562101825850315,0.000166741533389077,0.00016563828962834343,0.00015776465593855344,0.00015105273455698218,0.00011627236475293115,6.0193683668054865e-05,-3.178922656003282e-05,-0.00018881982532498198,-0.0004266156029215768,-0.0007922767003479381,-0.001310466295369338,-0.002036141692020312,-0.002859368740929876,-0.004160285739162466,-0.005111264303441513,-0.006199968272858401,-0.005190846329493575,-0.0046612951509407,0.0034251935224732847,0.019742085222662947,0.053891034197574114,0.10206271812576784,0.2031148688426886,0.39811770333505575,0.6222651069037212,1.0328123966749079,1.5778269826484634,2.4823146533724905,2.1019992887768213,4.443054698529301,1.3377897857875314,2.923643677118849,0.40277733929399023,1.0680165170637292,3.1733486122349133,4.497938979190262,6.057579895128766,6.552355785237407
0.0038833171452799147,0.0038833171452799147,-0.009278999229237153,-0.004253773110850592,-0.006037601252171891,0.002997815688453618,0.01927403855590548,0.053683488995268036,0.1018825080319574,0.20307073950288448,0.3981953718890822,0.6224929489802964,1.0331971158756283,1.5784809744253157,2.483063796518828,2.1026725381855025,4.443705025271697,1.3370262626528968,2.9225394648118344,0.40157063990177244,1.0673271271940805,3.1735211527769716,4.497356999226871,6.055587462718097,6.547257560781911,7.625382282285822,7.580585431717431,7.905424601130327,7.933352265618652,8.031079303323631,8.00271733359264,8.025835284081507,7.923653989971116,7.88062568698686,7.544069141999531,7.531176224969291,6.426581703355863,5.809519883868936,4.209893783863616,2.789076940422479,0.750564639361705,0.2183371828553979,2.9013431407981902,1.3852005522558515,4.566036902777837
0.003735356220525243,0.003735356220525243,-0.009318098934138205,-0.004324788588531928,-0.006088979979014607,0.002919530288398465,0.019173974240411198,0.05351314383969073,0.10164157499255676,0.2026801904696427,0.39757808777159265,0.6215460875694118,1.0319433349517766,1.5765952600863016,2.481123878355622,2.100936980402678,4.442605306641196,1.3396514603883085,2.926942813337136,0.4066401567739494,1.072260438459118,3.176354239556628,4.502800098106851,6.064837818946634,6.566374400932489,7.655833348560468,7.630630254702778,7.979761718245536,8.042609262475555,8.17681036054525,8.222666176305829,8.296329010336319,8.331231212349962,8.36563016663634,8.389460017492977,8.407969824968994,8.420472462903907,8.428192658580654,8.434563704854655,8.436900221318977,8.438712331423925,8.43677739332683,8.435100180550169,8.429224392749912,8.42072706638871
-69.65417537885607,-69.65417537885607,16.321568269646892,-8.37606884431514,11.632142979040172,6.088711725897509,8.477274096081894,7.782829216659589,8.479709338011848,8.221025683212089,8.249057178434578,8.16795260684803,8.056454367499965,7.965492570355978,7.608360927326441,7.568557167688779,6.445830919405358,5.820487507880888,4.205893412311225,2.788775414561102,0.762437510329891,0.21947675587575066,2.9029225544662034,1.384918388260254,4.566432339265979,2.094683313610791,2.5181894145397092,1.5528453788750687,1.0193058306825453,0.6007827643534484,0.38233339595280774,0.189563157232527,0.09178240568391746,0.047270575472450914,0.014609717638403992,9.68697857106069e-06,-0.007193203718977992,-0.006973898310245146,-0.008550835515188414,-0.006907735815945336,-0.007331086298217202,-0.006840007842413475,-0.00652385060591809,-0.006681819310103476,-0.007702527731061139
-69.49417231983821,-69.49417231983821,16.233174799797133,-8.350674991655449,11.601958888650973,6.086820536599636,8.462007696551098,7.77352330412148,8.46726210713739,8.210613391804332,8.238209014059994,8.15769609870819,8.046791897485246,7.957332488143021,7.602044047251242,7.568120323809367,6.450708240587015,5.838258655743308,4.232816636697839,2.830310833566533,0.8029901880257784,0.2457266594436887,2.906264428521527,1.3767888778158572,4.540116159793692,2.0920116710643,2.527926855446772,1.6054774628015074,1.122250339153106,0.8072693599305942,0.7823725045969956,0.8140084156696726,1.1156886953504486,1.6150566118259022,2.4370039429025363,2.0661232090511112,4.313278902455949,1.290515323689507,2.9565828885701655,0.5899776168922614,1.3874520153085936,3.5347167388162135,4.755260476604645,6.280508945710059,6.659275683875849
-69.47021749833634,-69.47021749833634,16.240634252329777,-8.331489458463928,11.623443614043914,6.122083467311658,8.514625084251204,7.850649019058433,8.577045532793823,8.355901971602654,8.455859688397787,8.42489715913879,8.4491317550903,8.436707575163494,8.440820926250915,8.439007149441302,8.439321144039058,8.439444532888945,8.439430518660384,8.439926070762612,8.438891335534683,8.437526590358996,8.434908110532024,8.42938735947189,8.42172103201788,8.410297015473557,8.391282322618569,8.368235594677675,8.333946321747662,8.297758658011858,8.22412737595917,8.170199151524583,8.032148956262933,7.940270953203237,7.568924195877734,7.482698268092322,6.339547028518557,5.6037274831081865,3.9631097347279938,2.467475198344075,0.5026911906812492,0.08619236297264778,2.904235904872621,1.433461396008725,4.661669957333461
-69.45744816267687,-69.45744816267687,16.231564269661906,-8.329337911516213,11.620132713614439,6.12181210973452,8.512961294357662,7.84966923493867,8.575669848360677,8.354809947300168,8.454608627888419,8.42359746486771,8.447800390336878,8.435585409632523,8.439492245422382,8.43757098608735,8.43803340107334,8.438493389325066,8.438721370797786,8.440243432040267,8.440136539810503,8.44182683437849,8.442346112822978,8.443542740656474,8.444256978792366,8.44564471465088,8.446304311340027,8.447895323673631,8.448223019278608,8.45003226352339,8.45052739860794,8.452329622738766,8.452862882249816,8.454253525715474,8.454964738941019,8.456390425115158,8.457195268689393,8.457655001917063,8.45843882305327,8.458102623814142,8.457362311455421,8.454614601680836,8.451001062036106,8.442706145483704,8.431461424121478
-0.0006938130155982585,-0.0006938130155982585,-0.00021372334827460826,-0.00031108601513931913,-0.0001812694855060707,-0.0002148438854737843,-0.0001991689355786249,-0.00020028722526794243,-0.0001946927297276319,-0.00020253204178754443,-0.00020813660380494445,-0.00024061630920623687,-0.0002921467471381993,-0.0003806333678404525,-0.0005217770128558646,-0.0007491533252625034,-0.0010975094112626337,-0.0015713124632617357,-0.002297081636202192,-0.003104617550281432,-0.004384667602315432,-0.005480059928554249,-0.007315487397641949,-0.007316963711739682,-0.008643592083990844,-0.005281866136378971,-0.00337697579066085,0.019627341734160954,0.03345262712031539,0.07926821044066243,0.11948189748092848,0.3653623918054981,0.412279437584418,0.8052240024111649,0.9085540485188942,4.9211090479454676,1.742387857614773,17.064254775713582,4.322387149745925,93.42768124251324,-77.65257046608457,-25.60259777868091,-4.073902339562217,-7.885426965741653,-5.3196715200930855
-4.873430968387543e-05,-4.873430968387543e-05,-1.292146473037845e-05,-2.187844880004347e-05,-8.979368513825707e-06,-1.292474343607037e-05,-5.990739257274848e-06,2.933785543391345e-06,1.6795580122185794e-05,2.1781286878099354e-05,5.647600301651722e-05,6.341030459572876e-05,0.0001080344336271986,9.316923047757079e-05,0.00011596404937979866,-1.49215160299146e-05,-0.0001755114360540479,-0.000700029925071346,-0.0015100119172312603,-0.00306340888312282,-0.005730867418918136,-0.009606275332832604,-0.016511599527691954,-0.023723706174548574,-0.0387386317316722,-0.05001500991172038,-0.07366974196370822,-0.06951120512438172,-0.09147437890529,-0.046241897986998785,0.030380782935103275,0.3772275387090868,0.7061665957836332,1.4893775892242709,2.9930761259631016,8.168500722570156,7.292622188769735,26.74610034658426,14.645417479740692,100.72238197014508,-81.87434246918242,-26.80821560132633,-3.0252166585055087,-4.966611815974314,-1.1702794559648877
0.004832386088940486,0.004832386088940486,-0.0089958760482874,-0.0038288309959825942,-0.005775656329690089,0.0033401761690571587,0.01965128726439992,0.0541419686154947,0.10246020245769817,0.2038512030102234,0.3992685804628737,0.6240437407224376,1.0351616634459657,1.581313579721949,2.485789916342633,2.1050739936480642,4.444777712878456,1.3325678934797205,2.9151805771534858,0.3946886742964692,1.0616338142881787,3.174470250590565,4.499026300924757,6.059721849647792,6.547252110244659,7.62243555667814,7.572853236658294,7.8954077108906375,7.917389697752414,7.986892831663844,7.975309098891046,8.148187417031659,8.182836136378262,8.5010714394192,8.516143212590206,13.480468961524632,10.929324641212935,27.804636192367415,16.246582497897773,102.21326096198234,-74.63620821914786,-27.397821523255047,-4.703775252045642,-9.887536917497135,-4.236378314797749
0.005671945071610245,0.005671945071610245,-0.008693130001696917,-0.0034257438000014663,-0.005502880586007458,0.003631035828554547,0.0199271912612826,0.054386363027082774,0.10266396021113168,0.20398323135695365,0.39928921274084245,0.6238935129241143,1.0348452408259996,1.5806735478837268,2.485056651568989,2.104357903458484,4.444056614716708,1.3329248688648538,2.915194396536698,0.39334265816115666,1.0583939741061688,3.1676241469418636,4.489288788454494,6.045357885387451,6.5270439046499975,7.590486152708396,7.5231037226791155,7.814814663927807,7.793653624602761,7.789338056038775,7.699622236329212,7.727198254696619,7.680242484557975,7.724130114116483,8.14534248088432,13.025850472480384,11.778846333295562,35.33008883828264,27.476158674794345,126.55723326568818,-70.82171186836182,-25.964749768623417,-2.377035713209305,-5.337753645070096,-0.47996841169459487
-69.74373787577555,-69.74373787577555,16.356054428146432,-8.394121898228544,11.643516443126709,6.087917104294294,8.482061924423595,7.785238220569781,8.483560370921843,8.224131055080568,8.252450228476672,8.171146187684007,8.059303668913822,7.96802864385173,7.610013091755098,7.56814384289055,6.4436138980704065,5.813166116862482,4.195212059054764,2.7724787048211614,0.7446237992134712,0.20547863522470447,2.8920530261278823,1.3774331682908578,4.563410250334681,2.0877871177373106,2.5164655680752985,1.5674640502536235,1.050372279900164,0.6688545807783637,0.4916835192762115,0.5291356997538922,0.5064723843905061,0.8482540629117153,0.9575494436763491,4.906880654210582,2.0788540464628413,17.588788415005162,6.478810869324421,90.49684504271957,-75.62713522645211,-25.897127889073854,-4.072405440322077,-8.026558985856973,-5.375353486758105
-69.64606682727735,-69.64606682727735,16.30690173181814,-8.377177245423548,11.62694880222148,6.0874376689203435,8.4740338572436,7.780553086842184,8.477075990331098,8.218738854173923,8.246849523888804,8.165873210971656,8.054483303798163,7.9640263526346935,7.607366330684866,7.5685498262621245,6.447478093608092,5.8240376602755894,4.211182477681267,2.795547488090906,0.767448561963793,0.21737968998006665,2.8879029199523103,1.3593082569265216,4.5208340312458155,2.03855362960225,2.44017954203608,1.4771673067993119,0.9284110611428051,0.5482364784958914,0.4117142390115575,0.5504638561783705,0.8048302623697178,1.5422104572521498,2.9958000826139326,8.103152122667868,7.417146688935949,26.806485927429925,15.69714553500636,97.23699368317239,-79.51370585077633,-27.046473591528276,-3.049161168009138,-5.088497635224339,-1.2194600523220172
-69.57059763690414,-69.57059763690414,16.29769004701751,-8.347067488044654,11.642917072934083,6.123444021758842,8.524666369636979,7.856756202438127,8.585284865167797,8.362986615815078,8.463248148192172,8.432236578484197,8.456337065422254,8.444183252746642,8.448015923682673,8.44599676757386,8.446234081172035,8.446235540879764,8.445747534503726,8.445924298478046,8.443899694089588,8.441864660812579,8.437676205179777,8.430060187513263,8.420409750971942,8.399830700945534,8.377370199973571,8.344833004259234,8.30660014773787,8.233353701414163,8.183727832331963,8.27004692793423,8.306730362358223,8.599068227509003,8.637474933049887,13.535356438504035,11.194970063359097,27.888760739870076,17.512362785002843,96.87582709962832,-72.12114140645195,-27.38498845245012,-4.592592519862707,-9.959706089700116,-4.197131460958635
-69.52722418830983,-69.52722418830983,16.27295635943898,-8.340108076530422,11.634503907769915,6.122899784089917,8.52037600007271,7.854146232706184,8.581765210718393,8.359954217505244,8.459998027727822,8.428923811845952,8.45305437962268,8.440738566610445,8.444313165494727,8.442336802604615,8.442316889260239,8.441750357967537,8.440741277868934,8.440263132271633,8.43741103272473,8.433377992215938,8.426557661462553,8.413811976589583,8.39710672858135,8.363553546946848,8.321474422680314,8.254829428696365,8.17039452377789,8.018982650957055,7.888010968824105,7.8267598492385835,7.784311275142242,7.806594197643853,8.280050396846784,13.219057808551252,12.187647398677433,35.782468663542986,28.412617791161786,119.41790745426117,-67.89882368388582,-26.020528245358083,-2.3599693572198754,-5.434086979254256,-0.5022167969671327
0.002446123301979662,0.002446123301979662,-0.009830335958650143,-0.006276713920221333,-0.009571125407800907,-0.00536338862848699,-0.003494637600323716,0.019715517112170518,0.03352176335174139,0.07942465268841907,0.1195571725836719,0.3655825786721327,0.41224202078446104,0.8060284056684726,0.9070509926948156,4.923518323564182,1.7377027666056617,17.069628221032758,4.2478215701066375,93.4904786679176,-77.66647542174728,-25.6048324358639,-4.074529791585409,-7.888196428593435,-5.326066864493526,-6.901402040732836,-6.2556220161949145,-6.526685529023658,-6.4661926136862355,-6.5736214794786205,-6.527183990647285,-6.5777771751637335,-6.468249664347561,-6.534114425149097,-6.258737890524462,-6.945374390426509,-5.342612558604024,-7.887196855054393,-3.9675370351072883,-25.279145029558194,-75.13427941526028,90.31691615228272,5.679340101163429,16.90694723211434,1.8691244585743187
0.0020161269129084104,0.0020161269129084104,-0.009979296042889052,-0.0064605198443743695,-0.009672242307342363,-0.005459723553114784,-0.0035382539083002756,0.019725375475484298,0.03367141410330077,0.07958052608602077,0.12017521902969897,0.3660116672217359,0.4139601184851949,0.805497536932031,0.9140285463655856,4.920257266860338,1.7565705797971432,17.0566288225036,4.468300497776647,93.31215277313686,-77.65113526135602,-25.59632128944347,-4.076900640338066,-7.890584156079414,-5.3232506420111765,-6.889858930215951,-6.2329794690284555,-6.484294962075346,-6.402486802147038,-6.464017703841269,-6.348957973901981,-6.340371493054669,-6.102287610000537,-6.068890947773137,-5.5720945969256,-6.974846630861898,-4.246394587231519,-9.900306683541857,-4.706246270459025,-27.385662338507537,-74.56629895900467,101.97437646027443,16.39535499351387,27.802552800469673,10.934850227902981
-0.006794062312538501,-0.006794062312538501,-0.019178727653082702,-0.02317258740265382,-0.038792290387442814,-0.04982583215055123,-0.07351747114693633,-0.06931571882068413,-0.09132412834471393,-0.04615929249239071,0.030167887758717912,0.37687971772805123,0.7047962634058123,1.488568084565216,2.9871981231009297,8.163379526659192,7.2788970034986775,26.737009556845603,14.545576697223938,100.81637338417904,-81.89908750437259,-26.805665410895557,-3.0221495063408863,-4.960207485483917,-1.1667424171587453,-1.6810192689578562,-0.39671936375880873,-0.2495508809544261,0.011419612665289873,0.008195998011731839,0.09311311366038592,0.008198757563509974,0.011404486743923949,-0.2495814881977235,-0.39675902509225397,-1.6811262202794992,-1.1668674885956933,-4.960533542888956,-3.0224461632482353,-26.80617211323127,-81.90037290824543,100.8043311436807,14.535606794556314,26.72446050453821,7.267744809057953
-0.005389135573221506,-0.005389135573221506,-0.018665430318450176,-0.022478855805138375,-0.03830167382429366,-0.049269833668382224,-0.07296416317324762,-0.06879419801184915,-0.09087574679149542,-0.04582539514522638,0.02979830650514585,0.3761850583707908,0.7016878096011062,1.4863006010530635,2.9725330155827208,8.153011683951727,7.245553037025425,26.71829570780693,14.30969751587802,101.0872271663867,-81.97623827063562,-26.80188233563129,-3.0214150643418023,-4.950962804210495,-1.1622155354979171,-1.67269619341163,-0.3829475798371054,-0.22507723390906534,0.04957475727147199,0.07047610331314974,0.19724772049462233,0.14709038182392833,0.21483708262132373,0.021859537193267938,-0.030772926358891034,-1.6048973694169326,-0.4664107241759201,-5.26099501340149,-2.412892772516819,-26.0317806502384,-73.81094125433236,133.6186241171932,25.406967287457153,34.90670667282718,11.428218246511733
-69.73385043843255,-69.73385043843255,16.346515992027136,-8.39766632672405,11.634121856741432,6.074383021584077,8.464012275076309,7.763485323168054,8.457662198360971,8.170154885072883,8.221347504962363,8.297448668403591,8.335388158253117,8.634852583184658,8.701613797793586,13.752673405077571,11.131465800785652,28.528200855864064,16.720178578300985,102.42764124308056,-75.45994651856435,-27.98892731649406,-4.778294314549865,-10.004218176719805,-4.270670637146037,-7.012505350821029,-5.579388214771045,-6.072807699983465,-6.0979972436613075,-6.334133344619462,-6.338630389899029,-6.454203730081789,-6.392224217444386,-6.479870136284029,-6.235127367840537,-6.92824899263229,-5.3581310610100825,-8.045812272828151,-4.212981313833053,-26.506541011776076,-79.96034625019969,95.84342312728633,5.050367386890876,17.97845147591812,1.960604456735623
-69.74643911275487,-69.74643911275487,16.34849735751449,-8.400529556658634,11.63480943475523,6.074067118561082,8.464147362616227,7.7634523577244146,8.457727130356062,8.170254267051073,8.221399711662967,8.29730928531478,8.335289983025804,8.634447785304465,8.701003386820624,13.751873363756054,11.1298076237295,28.528290974417146,16.721531738034397,102.43386541141315,-75.45556983301006,-27.987460343056497,-4.774089412682464,-9.996186505377846,-4.259315963889186,-6.9927152391322265,-5.547694485532514,-6.021992111429378,-6.026544496457925,-6.218602539780921,-6.157911502849598,-6.216976817164244,-6.033973705557746,-6.020353022933406,-5.585283055701342,-6.952536741840972,-4.325227969291301,-10.005290401527525,-4.940080528749207,-28.53582526951044,-79.133448974069,109.19497931772807,15.146667355125313,29.007944155798246,10.950587322559397
-69.66056098676408,-69.66056098676408,16.295794539671064,-8.39679063187263,11.60126473159517,6.044125892760393,8.40922575335844,7.681241544541001,8.331366345719546,7.972927399944046,7.947483268928407,7.881620707697552,7.8422534742567365,7.87316157822285,8.356183705560596,13.329175204679435,12.013824901270919,36.010905592422915,27.732693398809683,126.34149222513891,-71.6379860212483,-26.476716714986708,-2.4584077685622407,-5.438866859513495,-0.5065543556265043,-1.7209446912923136,-0.04414525564294358,-0.0044092426556723045,0.20760558600964601,0.13579198482210714,0.19658636380723837,0.07446282232771516,0.051824257346485963,-0.22056926016208547,-0.3909364950474807,-1.6646803738999583,-1.1772388552056607,-5.086304158981167,-3.222717681321775,-28.077082199258417,-88.16902216537268,109.16141550178195,13.774813073887659,28.205309091269083,7.411046244579976
-69.54925781880345,-69.54925781880345,16.245859431866272,-8.376534310163768,11.584618160854616,6.044325453379086,8.401828808577287,7.677630995699928,8.326074484724568,7.969763247542246,7.944085990069947,7.880518069833168,7.839167539992333,7.873968403999574,8.352154505627393,13.33129082943788,11.996511184245362,35.94613735689886,27.48558277039496,126.81040268764023,-71.87464793793491,-26.46558107708917,-2.458946365166307,-5.427458693763366,-0.5038268168565089,-1.7081586260163897,-0.03074430735764589,0.020262958146419104,0.24566313667397002,0.19794982762912572,0.2997169633582001,0.21249707929456813,0.25228367164078497,0.05101652082364008,-0.03016730745551792,-1.5739581841025623,-0.4826967009398499,-5.320666050548343,-2.5438594917151414,-27.00010238751609,-79.87340768689546,144.33926892800395,24.056446259277934,35.59615648623095,11.38183678810024
0.002606095824698535,0.002606095824698535,-0.00976762082879286,-0.006190280921505745,-0.00952140882924209,-0.005329248212485235,-0.0034843357966267393,0.01968799421940686,0.03341049184328265,0.07927187782936403,0.11910881992992196,0.36523620390277856,0.4110986356558345,0.8061190262114175,0.9025043347090342,4.925743083590875,1.7266582739614695,17.076771311541787,4.120147638675381,93.60294481930481,-77.68355552125573,-25.605138048187097,-4.0691531523652475,-7.87954904618757,-5.315886796902186,-6.886563251176009,-6.235091177974036,-6.495688811811908,-6.430750768169742,-6.5195778468195735,-6.474240972672904,-6.4734308265713745,-6.456980260796366,-6.450189082908309,-6.4421056732205555,-6.435057893181982,-6.433129940960743,-6.428769989680162,-6.429237114482468,-6.426050076010423,-6.428150811027224,-6.42531124821158,-6.427625097152923,-6.424068901072115,-6.425214609518121
0.0011230407544017484,0.0011230407544017484,-0.01027202646902934,-0.006875050464892844,-0.009945819823679597,-0.005788847521305259,-0.0039044578198037336,0.01929222654403381,0.033101376573515195,0.07892941748816135,0.11904541278414547,0.36485542211563754,0.411464191354441,0.804363170981263,0.906676095247695,4.919692881964197,1.7388545369839739,17.06341778086889,4.306163698128452,93.45021409318998,-77.6472747426943,-25.603780909283728,-4.0745537470951545,-7.883836336309705,-5.317022004239285,-6.880971809862074,-6.223915760669795,-6.4663996369128,-6.386729458753401,-6.427820809409954,-6.326969355760624,-6.227390619387341,-6.071038182149407,-5.835243528499697,-5.474259202799765,-5.433291426902499,-4.533936764489805,-5.355166599624765,-4.906959909890927,-5.859361203641874,-5.812879607504198,-5.135805952174002,-3.8359491090083115,-2.9057551084241826,-1.4862921398872238
-0.007185204016885087,-0.007185204016885087,-0.01925827493972411,-0.023298923173625207,-0.038815616605825116,-0.049863924179358705,-0.07352653908105435,-0.06936602177390086,-0.09143397846734519,-0.04637750760672135,0.029232974514213837,0.37563866028409254,0.7011136518358811,1.4857478990297337,2.9719381831867615,8.152476976350732,7.244753381539534,26.71790348224352,14.308105753399904,101.08687045630032,-81.97710802381569,-26.80171714010975,-3.0210397904410162,-4.950680744326524,-1.1619877358216846,-1.6725214712996155,-0.3843511304980621,-0.22647528912008338,0.043223198977641646,0.06067914161325906,0.16390089362892024,0.14239450205239873,0.11714173967412772,-0.029952851589678975,-0.2966051882740687,-0.8392367343255545,-1.4784559350516742,-2.9019604503666225,-3.85186934963839,-5.16036279225059,-5.87627816098605,-5.944849630402349,-5.008872337742928,-5.43909726167906,-4.615457180567355
-0.0068463687392220475,-0.0068463687392220475,-0.019207771235899295,-0.023205991681195585,-0.0388250386981185,-0.049864053801425105,-0.07355249329559875,-0.06934113198190676,-0.0913100564148802,-0.04611799864936796,0.030442989763610748,0.3772808128273676,0.7059446882539563,1.4894714406829253,2.9915937570271014,8.16741407896595,7.288480171768296,26.74282698669189,14.609848267874272,100.73858619047078,-81.8809741995744,-26.806829833960954,-3.0247778340450524,-4.967768706973295,-1.1769190656394704,-1.6958263388647357,-0.42027311071419776,-0.27757496299194545,-0.03171472903403086,-0.031986166528414635,0.046516404247201625,0.03972200732110226,0.04326260098084809,0.027764378364358463,0.023724918620357572,0.01490129804540237,0.010278529057096796,0.005814042798659785,0.0035121417159255843,0.0020854598923380104,0.0015136158592154389,0.0020564788308198166,0.003694050381420081,0.006611642100644662,0.0120785369186467
-69.7247356461939,-69.7247356461939,16.344715733252215,-8.395327899840819,11.633621971942656,6.074646408940795,8.46399813511782,7.763565065558587,8.457561364581624,8.170191692815383,8.221342530225462,8.29734823240683,8.335439550946903,8.634888636293336,8.701640355497581,13.753458824490792,11.131648369429309,28.529486023630763,16.71755860928996,102.4180726781372,-75.45927163662276,-27.987723366696976,-4.775236227543305,-9.999727179600567,-4.264588958855064,-7.001867733116897,-5.563929704017593,-6.04784318268394,-6.0683882729437615,-6.286916274779107,-6.2926029013604,-6.360019848819586,-6.388033767047848,-6.402592404460188,-6.414044861205162,-6.418983448116744,-6.424795252097166,-6.424311521248554,-6.427624371133575,-6.4265999841219115,-6.428887379480938,-6.427496110827866,-6.429678234825649,-6.428054539340508,-6.4303193114394155
-69.76429158965695,-69.76429158965695,16.360174111114986,-8.403257564125932,11.638821350534814,6.074110815645037,8.466018595425426,7.764276928437927,8.459143583357992,8.171064606245977,8.222228398089168,8.297695903011022,8.33591099784721,8.634205670993271,8.700162143618241,13.748840520714705,11.131529581765466,28.526420645345663,16.77653997839281,102.36579576316018,-75.42013730844977,-27.98195106706999,-4.7753667751753035,-9.998826398816657,-4.259123130190651,-6.991871970792591,-5.545570832380569,-6.012715336631866,-6.018430733180003,-6.192121231250416,-6.144339119656289,-6.119182772779404,-6.013728186981112,-5.810431928933842,-5.4889445103912475,-5.466727091068356,-4.6137626212233345,-5.438634677030505,-4.9981657473408925,-5.934321662766687,-5.854917554562581,-5.143135079581414,-3.8431249554777076,-2.8947344062714047,-1.4800758197584165
-69.768229515788,-69.768229515788,16.3402148045348,-8.41697562900881,11.615819118622479,6.043208115514659,8.415333823153677,7.683861428610657,8.335695378272906,7.975165091656983,7.95000461601328,7.88196956491999,7.844166478700067,7.871533989570765,8.357921068039445,13.324949939580868,12.025476962868415,36.06063313403042,27.942974769568433,125.93536163590694,-71.43159012852489,-26.485539610350823,-2.4605539406235195,-5.447798117040856,-0.5047403059736424,-1.7209476181516148,-0.032377111621468155,0.01618900539120901,0.23960546839419744,0.18585993935459777,0.2666332304928921,0.20160680134367367,0.1530796561094288,-0.01047677754185994,-0.288714001895116,-0.8402310062104095,-1.482272417210917,-2.897017523958126,-3.8263174958220056,-5.120758372717181,-5.793608969882856,-5.848462187071776,-4.895050052671035,-5.350466205729635,-4.524743379937859
-69.65571445851371,-69.65571445851371,16.28924671024241,-8.396552671560464,11.59895825513261,6.043652799795824,8.407968900391538,7.680470664257316,8.330488076597996,7.9723027269218365,7.947012289410554,7.881479282334396,7.8420276438590815,7.873651123140244,8.356232438774862,13.331208359884965,12.012586391443335,36.002250376455244,27.68840410703458,126.40676405925421,-71.68249543129158,-26.474960075361235,-2.460340293767538,-5.441162765853688,-0.5158420580889063,-1.7336703501737314,-0.06712584766027814,-0.032603322399988276,0.1648444897614912,0.09396542013193639,0.15010862919353318,0.09986361391243159,0.08191813077923789,0.051194147087873065,0.0375417846357897,0.021295469055381572,0.013012440604241417,0.006688810972954301,0.0031567982449323033,0.0007823661845479448,0.0005241369162086937,0.0011011908078148128,0.00174280488359253,0.005039597862277744,0.009494112013156789
5.204481887308003,5.204481887308003,-7.402710494170802,-4.054468680085365,-6.572689409963357,-6.121567584568466,-6.410634438259489,-6.3372112674057215,-6.434040240616067,-6.447602835622198,-6.46396339547499,-6.514439087427951,-6.430835430290645,-6.503743305793988,-6.239614368505138,-6.93042347495613,-5.332208681835319,-7.8640786054664575,-3.943786408814269,-25.16341980229154,-74.80681017467937,89.96735648529942,5.73197233863256,16.797400217495934,1.8569027547771235,4.657645237325629,0.8310701328251665,0.7539882852859274,0.3925498156604059,0.329805329458998,0.10733644231629937,0.0700777758208181,0.032145714092298806,0.016883857404701778,-0.0032604352813238187,-0.005685768992797033,-0.008551291394355752,-0.007845419734920993,-0.008663784286936203,-0.008261757014021529,-0.008696423945094874,-0.00881147565593311,-0.011289903840553466,-0.010470306516844512,-0.014237889356315675
5.211678962575787,5.211678962575787,-7.405409046348341,-4.055635452204533,-6.575490961717901,-6.124214264563897,-6.413312001076299,-6.339987060992861,-6.436834649128541,-6.450476096156736,-6.466871079646568,-6.51754968054444,-6.433753401319561,-6.507293755287393,-6.2427983952796975,-6.935536823048087,-5.335532873441157,-7.867634009510455,-3.9427077821507153,-25.152958661686732,-74.66129744269998,89.75114382272433,5.84986402316525,16.782617904414543,1.86069110682574,4.648651331959085,0.8474529442487906,0.8039426480375196,0.49058912314589537,0.5270010694742184,0.5007387169106688,0.6839522202805048,1.0692411253712275,1.590681584896088,2.5406518129345983,2.1168477366883267,4.586217850239933,1.3879591019935258,2.894363668519807,0.19294719507148986,0.7106542279079051,2.751707262160718,4.186404726845718,5.7952860483784185,6.427937685610447
5.214991132823197,5.214991132823197,-7.402285340360027,-4.049445304521042,-6.565528664424477,-6.105769801568197,-6.38275937389684,-6.28918971289932,-6.364586459500169,-6.332152518941627,-6.279692769449252,-6.2709385877884785,-6.0582353026660485,-6.031889970061081,-5.54732483514931,-6.950204363060991,-4.23266094498915,-9.87247894215433,-4.6893723897804005,-27.3007547288194,-74.43465607937179,102.011757880694,16.219862665700916,27.694557620842577,10.909101032187367,13.4426944938901,8.497605810978161,8.491694557595386,8.177990520687967,8.143746242628493,7.972835377494414,7.984975920096745,7.915870820085846,7.8944458650158955,7.571969244471353,7.623243593874557,6.549108084450932,6.062811126995022,4.503602831455659,3.17792355627837,1.0604189483025253,0.3921601904440348,2.908436751305279,1.3253262579632734,4.43623050261152
5.214102391760034,5.214102391760034,-7.40196989186303,-4.0493510961272055,-6.565225045049494,-6.1054664841286685,-6.382476923556025,-6.288875904147395,-6.36428646708779,-6.331854719742289,-6.279400771830853,-6.270616728548715,-6.057988953923884,-6.031603892859204,-5.547133970152082,-6.949697468045039,-4.232749771119278,-9.871731930205389,-4.688796437267723,-27.29994104268451,-74.4493152008622,102.04435965427186,16.216279174819316,27.7110318590663,10.93163247373459,13.478665893139905,8.551527314425101,8.568857076092941,8.289316213297376,8.28925019940826,8.192170904319491,8.24955956353727,8.315642514304525,8.355782845255765,8.383470917455726,8.406309010625561,8.42389850315478,8.43437386523281,8.440529537433566,8.444503749143816,8.445974431928361,8.445546898679494,8.442678989129194,8.437609523591359,8.428784276807045
0.0012776277919539524,0.0012776277919539524,0.0042276783764051105,0.005872609063639477,0.010495611156853123,0.015021948889395172,0.02381826650542877,0.02780445029843607,0.043256374913408474,0.039715241689554044,0.04648081794685761,-0.03194489734022875,-0.03165262844079959,-0.27709371695818186,-0.41979807275903924,-1.6943853332742,-1.1754960350146768,-4.9627329129534985,-3.0234126276287423,-26.804402502024935,-81.92217317471713,100.87816004702685,14.485745915806422,26.73343037802152,7.271533803628473,8.162199489753524,2.9841164073488495,1.4883422970362576,0.7042972763664965,0.3767894182395128,0.03007097101350973,-0.046165082222798,-0.09139895488691614,-0.06947125915201513,-0.07372974690271346,-0.05028053364121973,-0.03929377846885969,-0.024759672347937925,-0.018259160251851012,-0.012279557153234573,-0.009927608412256024,-0.00884997307577434,-0.009894912266807832,-0.01036273170182762,-0.013510778877236042
0.001335255051623366,0.001335255051623366,0.004244126887878294,0.005890364098935917,0.010505820835686477,0.01502514135524874,0.023812605414369126,0.027795570106421506,0.04323290945495795,0.03970150750725971,0.046460253863129776,-0.0318995954473338,-0.03158551052734624,-0.27660507597438694,-0.41934250613674573,-1.6929896120769037,-1.1742499142585932,-4.957654824846199,-3.0222037589877977,-26.80251936901697,-81.95943480764495,100.98115102989549,14.35546262175174,26.713266911327768,7.249713085954091,8.161185766431,3.0001960089229636,1.5460541625640754,0.8092062252304337,0.5848224159106425,0.43285888031821246,0.5786819294310631,0.9441523028905839,1.5088239250830162,2.409097351877278,2.049882525461625,4.402580301902042,1.3091313234580801,2.9001060522298023,0.38739993289092484,1.0573007008692266,3.169463115141024,4.495055098704663,6.055252805806785,6.5441779296631255
0.005265806508446876,0.005265806508446876,0.0028164225615054505,0.007169413742562658,0.01232672528249173,0.02102878264148379,0.03697756209951555,0.051692813483211676,0.08156957914850152,0.10210756053080187,0.15083839457575493,0.10689596708631459,0.1718411005912563,-0.006155852082077033,-0.05417735263684102,-1.619925304908202,-0.4759720667975964,-5.269422600188664,-2.4151889311832546,-26.03595509508337,-73.77413165539947,133.5376101844055,25.542038941463858,34.943899914648675,11.438789315156388,13.07601392884547,8.159409292116393,7.789206686999539,7.719207467219076,7.803287112741147,7.742621540286876,7.824948829073652,7.8069676405658015,7.807887977013232,7.4918583419957585,7.488727073302155,6.391670918654036,5.760332796143672,4.153964526768051,2.71909618302711,0.6871808020587158,0.17610823206116713,2.884462247062509,1.3774791539054294,4.565627596252272
0.005225766211216706,0.005225766211216706,0.0028024684840527773,0.007148768297709089,0.012302056919821922,0.020995368731833254,0.03693123820852105,0.051621785878799016,0.08147215252905733,0.10199060552460736,0.15066091798478118,0.10673285517444879,0.17159110082205467,-0.006107931980304454,-0.054261079329087775,-1.6185725712379222,-0.4760181996872867,-5.263600254838382,-2.413097040110604,-26.026191864139587,-73.8226264487684,133.66481199438184,25.358309527892033,34.91565966074427,11.462570293572316,13.11315790710457,8.20932861877363,7.865682767059117,7.828499095904391,7.948226208505501,7.961434400366057,8.095343122529458,8.21445970344763,8.294849612787058,8.34274275337096,8.380701641830623,8.405066778544208,8.421761316644423,8.43053183186088,8.435826133626742,8.438629121243576,8.438556378351736,8.43421540020907,8.428568758189014,8.416401831835323
5.185068072127985,5.185068072127985,-7.395422615022134,-4.05138318517103,-6.56509075473514,-6.114512522821164,-6.403366217955377,-6.329780650231071,-6.426593992387995,-6.439938196407299,-6.456347366859833,-6.506174499882869,-6.422931067480216,-6.494960757914392,-6.231314844958722,-6.91737970805247,-5.324551871006794,-7.855716202393391,-3.948839478056783,-25.195110475843144,-75.20934062650745,90.48407159194521,5.391399205981959,16.810040892900567,1.821256170034917,4.686564270155276,0.8354597772599163,0.7860252593716356,0.430445467479076,0.42291860773858275,0.23741385392036646,0.4661929812334374,0.45037972464437914,0.854284267531558,0.921312015633106,5.106819317346662,1.540056851446287,17.134207107857417,2.5039934549385245,96.26486691461403,-79.64932915088268,-25.846387914005174,-4.150263394818125,-7.868174474946794,-5.299471255430119
5.197300628803701,5.197300628803701,-7.400042458101358,-4.053366186487798,-6.569900923623999,-6.119005299622002,-6.407961237624088,-6.334503488623417,-6.431339749892252,-6.444802069315438,-6.461221223122781,-6.511500582770484,-6.427800615623044,-6.500815865949445,-6.236557106492721,-6.92579846030597,-5.329698803266961,-7.86140569053562,-3.946054287837418,-25.174963563848095,-74.95077085773957,90.14267105498399,5.588579819394918,16.77154602562101,1.8036009990060502,4.614389480619732,0.7555766630966553,0.6891617270361201,0.2991931059120065,0.2929892287271189,0.1422158767994997,0.4768946436451411,0.7397710001689467,1.531656488615408,3.0234515192639715,8.39162876078678,7.172653565977983,27.121511252314445,13.023471082880356,104.93083261908774,-84.56481376217195,-27.040938385207408,-3.075018505855949,-4.925056522325515,-1.1367094468095462
5.210755651679563,5.210755651679563,-7.400616785668938,-4.048604922813601,-6.563724643440224,-6.10408579235875,-6.381047183820026,-6.2874707518480415,-6.362827223613359,-6.3304452903485995,-6.278043068624011,-6.269159864531072,-6.056775625475647,-6.030144896336833,-5.546417396241844,-6.9471749439118415,-4.232229426792722,-9.869036274165998,-4.68984983708323,-27.30971805317045,-74.48458101406679,102.11615837931244,16.133996466970654,27.688341604911244,10.897051874162244,13.436320847617921,8.48601915018924,8.483446957807201,8.160674209139122,8.10901585783947,7.948255250549088,8.130801713565505,8.154461257470361,8.496878124005296,8.474851792729272,13.58979705246121,10.68627114200217,27.892920000338382,14.294749716476886,106.7947665582316,-76.49283417074363,-27.579787734021295,-4.834534979774029,-9.855787360266701,-4.293642049895351
5.219896344053372,5.219896344053372,-7.404202839301258,-4.050419945457072,-6.567609641523368,-6.107691049436601,-6.384743056027602,-6.291151258335981,-6.366589711038231,-6.334168475591843,-6.281633434098528,-6.272917860607889,-6.060019608714625,-6.034030531312793,-5.548392980374166,-6.95356483695427,-4.232750243814292,-9.876416672748734,-4.6889509387586585,-27.29257207259973,-74.3863707778256,101.82872536046676,16.31495230233484,27.68074261258395,10.897399445643877,13.406544932086913,8.445480496747646,8.415661424292772,8.05516852928223,7.936142647208805,7.702563607768,7.746439676726551,7.688879770402872,7.757488019075117,8.123531252475331,13.013241749369307,11.408634071219542,34.83745787207826,25.678874650368755,132.8633165534256,-73.28780466822917,-25.91816838951331,-2.3982383843164023,-5.252787920372944,-0.4610902263357151
0.0012014623873347536,0.0012014623873347536,0.0041959063610512255,0.005829364211754369,0.010461621177554262,0.01497835712892154,0.023763818566068764,0.027746094676200646,0.04318124328144603,0.03965310628749003,0.04640962029041838,-0.031942964755007436,-0.03162094230469728,-0.27658391727853926,-0.4193133681688203,-1.6928347914996842,-1.1740609655236285,-4.957009238828164,-3.022042992934787,-26.802213653154645,-81.96801725100599,101.00971520288864,14.332266142865207,26.70897572844129,7.242797588274105,8.151200401000807,2.974678553617988,1.5104322995026682,0.7385980580284642,0.45989248811583855,0.15098068306918103,0.32192864418984357,0.3199314637709558,0.7355848973787555,0.8323810078098672,4.866109350719483,1.7003072210865204,17.0314748280998,4.298428858972261,93.40525917817834,-77.6482129547614,-25.603778125637238,-4.074246478087255,-7.886504847466571,-5.320869298875405
0.0012760650297079109,0.0012760650297079109,0.004235602710135245,0.00587673539792923,0.010509109806651137,0.015042259070406532,0.023846428258972555,0.0278454787452662,0.04331472772187805,0.0397597898313387,0.04654295190312163,-0.03195133518717811,-0.03169537763203245,-0.27758120764189775,-0.42029443200413835,-1.695941322486788,-1.1770963689487546,-4.968350208863682,-3.02521148512125,-26.807376926647823,-81.87575692234044,100.7179522610141,14.5815742153129,26.699528128703843,7.242006847778405,8.107762284973989,2.9144882660192715,1.4214430521264447,0.6150484094949383,0.33769416830683574,0.06419290918003516,0.3375481933864522,0.6147198757991899,1.4210141431234373,2.9137854416002043,8.10645684506706,7.241070554941078,26.69879056813424,14.583540966387497,100.72775030982383,-81.87373322418692,-26.80790080370657,-3.0243897548347185,-4.96417361924057,-1.1675040137422539
0.005495421211312577,0.005495421211312577,0.002896098263778251,0.007283386969433228,0.012398673516515295,0.021114017702277443,0.03707050277094405,0.051783229861707344,0.08167006596162574,0.10221435747158099,0.15094443569034816,0.10699240507923047,0.1719417388035464,-0.006186100074668477,-0.05423457262015678,-1.6203921869911546,-0.4761221534418142,-5.271489233717053,-2.416653053858809,-26.037655883410828,-73.77729578571619,133.5074481793377,25.60440635885535,34.95458306924266,11.433381314947866,13.065141111326994,8.146777018369159,7.772199183282192,7.6954607921065,7.752671166228632,7.70627636527558,7.938922330416361,8.059368312853607,8.42374584577529,8.463446778382515,13.435650368670775,10.92762818405814,27.77426118616001,16.398146655763433,101.7793293007638,-74.4700492463451,-27.37499626146884,-4.692017223350028,-9.889283132048021,-4.231446502307703
0.005280394043431551,0.005280394043431551,0.0028220692563682907,0.007180509216470238,0.012324376411324322,0.02102983005252883,0.03696932936822402,0.05167400488661019,0.08153357623575033,0.10205443945619264,0.15074370190185493,0.10679168021602818,0.17168310888174476,-0.006234467333168699,-0.054331636327816894,-1.6194726261251655,-0.4761542462980895,-5.267405253789407,-2.4155835255275018,-26.03488188799079,-73.80560726071529,133.54833593360294,25.45639950809367,34.911504030401936,11.414384744833216,13.033799800375562,8.090413702666073,7.687918482122867,7.5645188086619966,7.548809342504316,7.423819893313853,7.512902936983984,7.550100920887582,7.643477233856245,8.089854446700478,12.994992600832191,11.778340579215408,35.32166287856343,27.47096315418587,126.28268934717377,-70.7658008520934,-25.95817010816175,-2.3738882241999617,-5.3392418396065064,-0.48329494541347306
5.188719530986479,5.188719530986479,-7.394522551583271,-4.048648067897376,-6.560144962846241,-6.105346498117207,-6.38894809629948,-6.305451251900976,-6.397497540779678,-6.392415438448203,-6.4099703595781055,-6.408946254227242,-6.4182437514075215,-6.419080963675116,-6.423282151823392,-6.422710173140345,-6.425836882899343,-6.425053315438936,-6.427670234928697,-6.426717871905209,-6.429393175427064,-6.428769471736912,-6.432064861731989,-6.432584789828203,-6.437086661404698,-6.440002322475673,-6.44709773538671,-6.456247010364406,-6.461936802292656,-6.4797960907517,-6.479752094252315,-6.5342077214918115,-6.440170491912505,-6.516851362776434,-6.244206966287072,-6.974190333278616,-5.349925473571863,-7.871090199001288,-3.8419494389810676,-24.98790770861541,-73.02785569532588,87.79517232047651,6.756033259815491,16.739868118437347,1.9520339567854657
5.208169479589515,5.208169479589515,-7.401757194074721,-4.051656735171405,-6.5676917718141405,-6.112352780207129,-6.396146613893896,-6.312758743609991,-6.4049481076131025,-6.399937578173015,-6.417519729282504,-6.416608890807873,-6.4258670171492245,-6.427012835758035,-6.431090969403014,-6.430729880143034,-6.433660835368242,-6.433124795994716,-6.435538114878947,-6.43434269867799,-6.436543571710899,-6.435059186536386,-6.436552652072729,-6.4339344273438375,-6.4346099971004325,-6.4293244074610465,-6.424354499547163,-6.412843076323002,-6.397340423706596,-6.368676688234343,-6.297330570888766,-6.292414256929492,-6.062990668444048,-6.044053532491807,-5.517063319255552,-7.005996551957742,-4.177276007217266,-9.902326304675045,-4.544434708385825,-27.160841190052164,-72.82845094820416,98.13500086331565,17.653190161740206,27.582145800770018,11.114848683359053
5.209927434371022,5.209927434371022,-7.397269120775327,-4.044527506349023,-6.559539920783552,-6.096805593514259,-6.374829889575871,-6.272568155934301,-6.350224554938352,-6.297248330139426,-6.259037518844629,-6.159530346646406,-6.028268345502619,-5.800509118925319,-5.451530019766494,-5.416657553057124,-4.523201869375741,-5.347436244272024,-4.90294133580034,-5.856647706859149,-5.812475765397664,-5.136294791609874,-3.835365399642086,-2.905685662806259,-1.485526392097948,-0.8449232662853561,-0.2996058559124755,-0.03137608720678366,0.11786001684776866,0.14291909568731892,0.16531169350194477,0.05500626147116896,0.041994613887671076,-0.23538377911022906,-0.3840875042125974,-1.7178184747099319,-1.1765930443748462,-4.939986536168666,-2.9190310820982797,-26.398746334162773,-78.8217879517107,96.78487842466777,15.248763204308494,26.0634925295252,7.215653484558044
5.225700826256714,5.225700826256714,-7.402838133671975,-4.046879719112946,-6.565474935317987,-6.102315845255211,-6.380503529042635,-6.278289714220584,-6.356037693911036,-6.302918837157385,-6.264583760071879,-6.164651781865539,-6.032967048665073,-5.804160586018836,-5.453764650369517,-5.418532023605142,-4.521412774932862,-5.346977931740701,-4.901313587856086,-5.85652797307453,-5.814098907845606,-5.1389229884559295,-3.837297170793741,-2.907516772980797,-1.48464230874087,-0.8399890140603269,-0.2870569641471602,-0.007682837172987574,0.1558750057965362,0.20466571886487697,0.26936370644522706,0.19098223660809557,0.24538466641836876,0.027774044378383968,-0.015973495417847105,-1.6764351029760873,-0.47257736166161546,-5.325776049660222,-2.365275394411101,-25.88308976441049,-70.55861075473881,126.29764516749499,27.53615205638183,35.25184010602214,11.758696027296818
0.004970348754089334,0.004970348754089334,0.0031064091024595505,0.0073542730444178805,0.012598227818794553,0.021218097965438533,0.03557764381663109,0.05030296779801034,0.07515933767500316,0.0923205743550109,0.11736493637697475,0.10225412599080906,0.07391396628549125,-0.0577820990322065,-0.3200306298209539,-0.8535640957448736,-1.4880646244961868,-2.9069831467432024,-3.854831913820289,-5.162184778135711,-5.877720113315402,-5.946864623558248,-5.011648522417932,-5.443913271722006,-4.6223218598722235,-5.4779077928932445,-5.514797841043315,-5.855780902506869,-6.081288985917689,-6.232883901300278,-6.326773321727093,-6.431181125097556,-6.386143406502234,-6.472567164072883,-6.224418925581446,-6.9282406015137035,-5.333566150249678,-7.881558613668233,-3.9549852759839337,-25.247433032853607,-74.83149644610135,89.96063032763331,5.860788336156101,16.880217692402063,1.869688976083977
0.004793751817854443,0.004793751817854443,0.0030463713110326007,0.007275427119924854,0.012555610791583599,0.021167960400389773,0.035541829468504066,0.050268671915456926,0.07514100090047313,0.09230252465878261,0.1173475556292139,0.1022061066588835,0.07381254007576826,-0.058004370966375056,-0.320436464959203,-0.8542727480307784,-1.4891084209524628,-2.9083382285511554,-3.8565484443437343,-5.163626708867224,-5.8796827881916505,-5.947833236118544,-5.011387920012135,-5.440065023001702,-4.614683227928291,-5.46150062663853,-5.486485519179119,-5.806921614186258,-6.011544862022499,-6.116918966637906,-6.142178486139963,-6.187577481720506,-6.013146648161797,-6.000707494875507,-5.530399891979932,-6.947076748063785,-4.228437968184494,-9.88441268995356,-4.693099658124012,-27.383624182305926,-74.50594097788071,101.94290239597177,16.315023241900292,27.783089109244273,10.937381756729609
1.0722571143017661e-05,1.0722571143017661e-05,5.643456141719879e-06,6.207799340026778e-06,2.821736423088572e-06,3.3860587139918456e-06,5.735290029091562e-07,-3.4468499904541003e-11,-1.119504310180609e-06,-9.002109225829385e-06,-1.3516853035492189e-05,-2.253720880460109e-05,-3.717353452287966e-05,-4.393696082394009e-05,-6.647376788348817e-05,-5.6907876866566474e-05,-5.4641702241065144e-05,3.831961897879403e-05,0.0001566348533381259,0.0005059793443332184,0.001069986569160603,0.002082047706845153,0.0038042380573624474,0.006110337994564044,0.010569838146873973,0.015110410595195975,0.023877732130184494,0.02786362749208445,0.043296133780220215,0.03974418675415865,0.046502032843451765,-0.031930139750786166,-0.03164656056657564,-0.27708297294309114,-0.4198028169342686,-1.6943951362207266,-1.1756070412834514,-4.962652631852289,-3.0233697015234813,-26.804431037254723,-81.91666646187683,100.845998132475,14.476522990542808,26.716743995386956,7.257836233324703
2.7590270651167983e-05,2.7590270651167983e-05,1.5049214399735412e-05,1.630333279987446e-05,7.524628948279104e-06,1.4422147840906194e-05,9.405811613283767e-06,1.0032774300594316e-05,1.2541153463062257e-06,-7.524586017612676e-06,-2.3200711094855547e-05,-4.890997370188623e-05,-9.405756830945281e-05,-0.00014986466175163023,-0.00023200906913417598,-0.0003154071704816891,-0.0004427018444978646,-0.000497884946893136,-0.0005574629326663771,-0.0003474172519051806,5.578732557290486e-05,0.0011588409103375997,0.0032841885678999176,0.006744905116687112,0.012976302073473925,0.021245510866095985,0.03720586531542509,0.051818533307341035,0.08168339204523016,0.10216018887471708,0.15086755774303715,0.10689276324640128,0.17182858547580182,-0.006187605597781327,-0.05422811720888468,-1.6199564181316357,-0.476043688767217,-5.269488223328217,-2.4156026148528578,-26.03695300857689,-73.77875791490133,133.52410036442632,25.538965483005356,34.93869334270758,11.430313366897941
5.185416938127623,5.185416938127623,-7.393317916495856,-4.048135240097593,-6.558895481407823,-6.104153170112311,-6.387772704554288,-6.3041999829552635,-6.39625235622134,-6.391140218877098,-6.408723335279649,-6.407757585411869,-6.416846792017666,-6.417741123667528,-6.422246933551562,-6.421311201794058,-6.424573107585207,-6.423795280509136,-6.426285255826264,-6.425153192759967,-6.427541874050637,-6.4265433480754055,-6.428630294470165,-6.427527919338693,-6.429897226012048,-6.4288081122199054,-6.430970004948867,-6.430006338955301,-6.4321613976659435,-6.431564335497967,-6.43368578777534,-6.432575583759007,-6.435179011623315,-6.434134952024793,-6.43680084406445,-6.43551001479512,-6.438431837981315,-6.4375760358600935,-6.439562219449857,-6.4387602688537475,-6.441911114611195,-6.440145925581987,-6.442901998025917,-6.440569740531447,-6.442865237574927
5.185320620102993,5.185320620102993,-7.393216583934855,-4.0480873835602305,-6.558798108690824,-6.104089517352332,-6.387678178689465,-6.304128897671742,-6.396179459385002,-6.391049168694919,-6.408668947961519,-6.40760250634752,-6.416891612534774,-6.417755308290524,-6.421878890572581,-6.421533617134528,-6.424377164322183,-6.423643650820399,-6.42613049311185,-6.424778632887956,-6.427151765068676,-6.425136712276327,-6.426820144244296,-6.423280400854598,-6.424073109338206,-6.4159666676674805,-6.4121846868927,-6.392022948836463,-6.379560207959504,-6.3285141112380146,-6.2740706959094155,-6.169753989904966,-6.027181654667381,-5.790028581774462,-5.422736652314678,-5.384526767028574,-4.456044119390543,-5.280278088130399,-4.8232045010709195,-5.792497011497917,-5.767723670201044,-5.122390062484949,-3.8290261272544854,-2.9123926414802566,-1.4959102922204028
5.198763780459903,5.198763780459903,-7.392918717086862,-4.042652593228978,-6.555021946422343,-6.092618112224865,-6.370487471620954,-6.268238498460175,-6.3458312312182965,-6.292923131489498,-6.25487041532491,-6.15563251248951,-6.024830586122172,-5.797756858596663,-5.450115150957084,-5.415152206191781,-4.524979209599537,-5.347899715148452,-4.904981386915428,-5.857671391735489,-5.812978962651842,-5.135734057468904,-3.8350273269366233,-2.903727485778614,-1.4825552085452698,-0.8383543263900316,-0.2888621307580143,-0.009500804021319394,0.14808236050062484,0.19510283941817713,0.2348009668283071,0.19510650876543975,0.15051771305969064,-0.005216225103384717,-0.28025744823153265,-0.8277578612142419,-1.4688979333246452,-2.9023828360295902,-3.8741187129049277,-5.194607333338619,-5.949136016213905,-6.034786204030903,-5.1108491650484815,-5.525010272723062,-4.697216759750926
5.216893727486512,5.216893727486512,-7.400023564115849,-4.045786205128668,-6.56241625539532,-6.09951216390096,-6.377569099659596,-6.275369878193818,-6.353059063313243,-6.299987806331209,-6.26174177179871,-6.162013393507018,-6.030578737861465,-5.802293982898548,-5.452701822208291,-5.4175527093345535,-4.5225727487261365,-5.347374540058334,-4.902289032342004,-5.856626941529564,-5.813581613365344,-5.138562112267559,-3.8390401728125907,-2.9121435087468472,-1.4963140755268851,-0.8600667440371335,-0.32411451506741584,-0.05920472573661687,0.0735065338472792,0.10322555716205037,0.11764819607223805,0.09371687893410179,0.07541058596714505,0.05101334619927479,0.03573208759529739,0.02170240902775333,0.012635746297969505,0.007168758000640374,0.0027804152772798285,0.001361267935943111,0.00027040909665964014,0.001060124136927732,0.0028431999812242067,0.005553313049863636,0.011537561568483222
0.00499142299359821,0.00499142299359821,0.003116302354246864,0.007361155161880353,0.012599914111643344,0.021210787046809745,0.035559019214672055,0.050274683251456426,0.07511241400104934,0.09225960908857318,0.11728579220303399,0.10218969124273268,0.07388190768772392,-0.05770629002573771,-0.31975330109456196,-0.8529140041356492,-1.4869979311848143,-2.905275217152077,-3.8523547239173137,-5.159236025468075,-5.873054034191768,-5.941289306521949,-5.004733869249012,-5.435104119596272,-4.61184784657141,-5.463401842359192,-5.495083482833025,-5.826342392029033,-6.04708748416203,-6.1805593957861555,-6.27547998468851,-6.328372868141417,-6.375857791147099,-6.389408041620004,-6.409223480411717,-6.414181476137898,-6.423334892540719,-6.4236567190489495,-6.42833469359978,-6.427751725412357,-6.430667083193586,-6.429721916265117,-6.4318958536189905,-6.430103507780182,-6.432194124038545
0.004912281510890361,0.004912281510890361,0.003090801958947587,0.0073307112413760174,0.0125867886666907,0.02120539466144926,0.03556381434761327,0.05029224852948809,0.07514218316698382,0.09228775714675472,0.11731095424809435,0.10215181988792729,0.0737257366562046,-0.05809009098427113,-0.3205238641926558,-0.8542415916172263,-1.4890114925230764,-2.907890581526922,-3.8558451666885682,-5.162474396562464,-5.877845419446841,-5.9455783553130415,-5.009073489018398,-5.437194215200431,-4.611900209105531,-5.456313211362533,-5.482198544583303,-5.794340279654605,-6.000833953048535,-6.086047439606406,-6.125273049095973,-6.079072322111633,-5.985792141495819,-5.769541367859977,-5.4348817207978986,-5.405133478384629,-4.51283413100494,-5.338799490932887,-4.893483256207653,-5.849160538567105,-5.80638974678809,-5.133276530107,-3.8345629563248744,-2.906396029430074,-1.4868612557071412
-4.796914289054908e-05,-4.796914289054908e-05,-1.199226461787657e-05,-2.2573729558183656e-05,-1.0581365556391963e-05,-1.41086357371783e-05,-1.5519438674249444e-05,-1.4813966700133466e-05,-2.468994233869865e-05,-3.0333486391529513e-05,-5.008555793256234e-05,-7.265922449732477e-05,-0.00011639594787742972,-0.00016859790102435423,-0.0002525442153581076,-0.00032802748579076227,-0.00044794833498913787,-0.00048534666590659695,-0.0005276744530878162,-0.00028784005914899737,0.00016646313834750895,0.0013403706729458714,0.0034696111896658673,0.006998829243868595,0.013206096952014256,0.02142477652657648,0.03579459256681482,0.05043319682865868,0.07527988759844599,0.09239103305217711,0.11740946814645507,0.1022478874502767,0.07383203364225581,-0.05799551456976016,-0.3204476838245986,-0.854314974881135,-1.4891795518493454,-2.9084751115313527,-3.856763752882688,-5.16398210423222,-5.880162729727871,-5.94851323185884,-5.012654567859231,-5.441773562288878,-4.617203021788006
0.0,0.0,0.0,0.0,0.0,0.0,1.6049144206515128e-06,-1.6049136928678532e-06,0.0,1.6049114955727922e-06,-1.6049122373019574e-06,0.0,-7.501827925430511e-09,1.6199143891355684e-06,-7.500309829216008e-09,-1.6049136738498527e-06,1.6049122182832073e-06,-1.6049107918815768e-06,3.21732481373138e-06,-3.224828043432538e-06,1.6199159017582435e-06,3.2173262208473145e-06,-1.6124139835453988e-06,1.61241398354544e-06,3.2248281969174763e-06,-1.6049123715011817e-06,3.2173439059858007e-06,-1.6124418482844588e-06,-1.6123936251144918e-06,-1.1286898306166472e-05,-1.9348968108978866e-05,-3.2248280053947874e-05,-5.965932160462531e-05,-8.22406141975791e-05,-0.0001451097711738937,-0.00017736552842190253,-0.0002531522774610548,-0.0002805643000273589,-0.0003079875069533988,-0.0001789825110817386,6.608721552048322e-05,0.0007159429219212801,0.001930240665404258,0.003929999966034389,0.0074798455446653195
