-0.0003473849931314353,-0.000140017390801534,0.00012570213357322501,-0.00026367925053177193,-8.386639240887566e-05,0.0002927092708223679,4.531833954543703e-05,-3.894575535511093e-05,-0.0005520578876267685,0.000856287883904497,-0.0004017601736919817,3.0392097606766802e-05,-4.822873933455013e-05,0.00030376172240764075,-0.00023933288884271008,0.0001314880131988467,-9.281762994426838e-05,9.098198696140869e-05,2.3334770682224856e-05,-0.00016215740505246012,-0.000151188526305606,0.0005850986555850519,-0.0004439624978088495,-0.00040548450430198934,0.0008534919448076204,-0.00043292930693718777,-0.00028768347785556995,0.000627963350896733,-0.00012113403996689818,-0.0005435050078874174,0.0003168083883712039,0.0007081049411843095,-0.0008306399557878549,-0.00024050735593208388,-0.00024050735593208388
0.0019007173923878727,0.018166812567182326,0.05164998890536855,0.09945268784532198,0.19880781761881275,0.3937202422591246,0.616296060347124,1.0303850415931024,1.5718672327575596,2.5058297852086606,2.105317608112621,4.51128329602843,1.3687888114523388,2.925320739507177,0.3211730029487184,0.9153954572081303,2.9778713212175663,4.336151862039676,5.9045645384565,6.443887093337666,7.51439730004109,7.470448203036715,7.758004326520183,7.752334684760792,7.787241643124775,7.747672032715588,7.755373360930029,7.892230268970735,8.108806057913117,8.671034626179484,10.13951396947153,10.447782259565162,11.768120863065976,6.698883197363217,6.698883197363217
7.62367667288257,7.583948183100091,7.910165136746216,7.93916735332796,8.03754097622694,8.00892893772729,8.032451584969825,7.9302072233258025,7.88712053532017,7.550872785006565,7.539754259751098,6.435509700855932,5.824509007179611,4.227077035919653,2.8140492713206346,0.773058772378635,0.23633406489505185,2.912881381868131,1.3921017486710847,4.571240964631518,2.1152314839529387,2.5307503200821766,1.5715279444964911,1.031553293236372,0.6119961709156916,0.3913564974337713,0.19560608593043757,0.09693280258294029,0.05088303303417362,0.016834310048691264,0.0015359805054857298,-0.006833694355382129,-0.007742059989704048,-0.009802920291797221,-0.009802920291797221
7.662668766052935,7.640185301448424,7.990639490634243,8.053940476455024,8.18791936561768,8.233496492913451,8.30740310213853,8.341714387931193,8.375521676372255,8.399655558339829,8.417781802158236,8.429183124637001,8.43719348342209,8.441504707450884,8.442091196101455,8.440797620621495,8.434138282138607,8.424104844871728,8.406378248823161,8.38186802656155,8.34323312345416,8.291594392179778,8.216260272389409,8.13516725053994,8.022099436029382,7.9308985355222035,7.853046336019563,7.9476885918123745,8.129536775160842,8.673544973805887,10.134376232674393,10.387723011983033,11.671839211464121,6.619669486576614,6.619669486576614
2.1220808995495175,2.5616001930811385,1.5673269165912338,1.0330385814532503,0.6071558163270632,0.3868776037228679,0.19395280254945158,0.09245819118610869,0.049529317028398606,0.01563363309713323,0.0003083852447518828,-0.00596935167238445,-0.005884507828118817,-0.007396534395932527,-0.005176739728564132,-0.004816374900759626,-0.002770473102404702,-0.0024368761478836087,-0.0014789150667027283,-0.0013144756630293136,-0.0006080515970245715,3.4120736409501756e-05,0.00016264291040092615,-0.0006547144858692119,0.00024756796713425167,-4.056440105213009e-05,-9.777463905277061e-05,-0.0002694994053023017,0.00046321025233434675,-0.00024836372646401067,0.0002651044903726244,-0.0003305924971780813,3.8219704133029784e-05,0.0002281162584456009,0.0002281162584456009
2.1206771617877545,2.5585959814617945,1.6306190395944762,1.1440919320157024,0.8274886192246931,0.8030727656792601,0.8346925529297545,1.1371322871948975,1.6404626378065477,2.462565475563327,2.0910881029153443,4.331706011344916,1.298262887869253,2.9585959740220193,0.588116084326442,1.3682078284703625,3.5283111118336636,4.74646369380573,6.254085098270683,6.615849672035513,7.648005525088532,7.517916497702162,7.78494928231519,7.751701279429521,7.7699337439589335,7.719598081466447,7.714856154584101,7.841393321574996,8.05761890912625,8.625907011855116,10.103420754031577,10.37698012734963,11.66626278280947,6.62038033125183,6.62038033125183
8.418511208701824,8.400572442410992,8.376080060218898,8.340499852594396,8.303761959359242,8.229117436499935,8.174809648707049,8.035653393190293,7.944497811732042,7.57473963669887,7.488435529097674,6.349076140028177,5.613464902721634,3.9721325463348527,2.470917446645996,0.4951380254240303,0.08518651183757027,2.9140169323526997,1.4518901256238979,4.698888301150636,2.12820481366036,2.5796378077198168,1.5629454215315024,1.0311594640497834,0.6031781771514174,0.38449176012853964,0.18982794228270747,0.09070337450380388,0.048608832851667345,0.01406985674162533,0.00025409570723920836,-0.007851805388614854,-0.00806428947925904,-0.010527058855847154,-0.010527058855847154
8.460841504259239,8.461034035843108,8.461795281449692,8.462230329702003,8.463901275471686,8.4640122840998,8.465434541168516,8.464541725696865,8.467459726705536,8.465816237788053,8.46782124211853,8.467426359618468,8.467013560520853,8.465784394303068,8.463183614303537,8.459916409358309,8.451179421961804,8.440650464331505,8.420763983302553,8.394262287031005,8.35272715611993,8.297400127255159,8.216714779885729,8.130635615338814,8.010269274594524,7.911848126802037,7.829106855782209,7.91804230558615,8.10451782127565,8.653027584716515,10.119815355800409,10.358829988721265,11.604729519916164,6.57510318716305,6.57510318716305
-0.005810830735728031,-0.0037595196401950474,0.0176743701122003,0.03189069638412176,0.07482495461112325,0.11410238863233042,0.35386221112824784,0.40955335962691825,0.7976488744549326,0.9069515913359506,4.896598203252032,1.8399871998925503,17.182439138034738,4.992734652482453,92.1537532438573,-76.6773419950505,-25.645002425091548,-4.0673767654460224,-7.929893151556047,-5.3437706412001225,-6.927380236307076,-6.252445930172765,-6.506019334206322,-6.436215073805548,-6.498803215026337,-6.438953236108817,-6.3643513977106805,-6.311222102640341,-6.111012614354514,-5.985859140731157,-5.535908573153346,-4.917651614671988,-3.333634355644776,-0.733985418747363,-0.733985418747363
-0.05047928621448181,-0.07333108085427295,-0.07155409641983265,-0.09248983123707769,-0.05003677476208718,0.027222685308177223,0.3692359911912701,0.7084610822152805,1.4954968936414825,2.9947761398694497,8.189954639475989,7.370026531869686,26.921000081587636,15.0686099183431,99.3390362927787,-80.91802826550465,-27.05606559769667,-3.054661840306101,-5.050996507332331,-1.2061263036469145,-1.7439837952112207,-0.42844040381610266,-0.2858004536437836,-0.032644421140218934,-0.034975566034343604,0.047908242090081064,0.04033844022504114,0.04443623463304023,0.028275410450952804,0.024219479199426516,0.015520723199524957,0.009687585069193245,0.004567502303686347,0.0015716871868869963,0.0015716871868869963
7.620336615599361,7.571828715662832,7.8940395546964774,7.916083029752056,7.985947781957339,7.974750324696836,8.149522456201145,8.182827932783692,8.507640911381909,8.522704535463989,13.510084194164254,10.926971972096498,27.843589133470914,16.046098987073876,102.28448497195316,-74.63887606284658,-27.45554757538675,-4.7124398499521885,-9.899205389268433,-4.245665494496721,-6.962535011044332,-5.557522522473653,-6.035246098574437,-6.062203474930745,-6.256304158982389,-6.253313610543504,-6.251142481935323,-6.244899028237985,-6.074008126609528,-5.974522825587796,-5.551975674769576,-4.9402002929588935,-3.379343260108185,-0.7562410590922036,-0.7562410590922036
7.592151089411352,7.524750975492502,7.816187836975169,7.794844024480677,7.790661363889193,7.701148134783799,7.731919409129121,7.683662606431475,7.740450166247945,8.162301092833397,13.082988409702391,11.810213516335057,35.324660966263124,27.177943363664347,126.39359084633867,-70.80945311153667,-25.979658612722794,-2.3714651908808086,-5.343555739560852,-0.48994172475820985,-1.6978944669075153,-0.05124892203973873,-0.022614415716974964,0.1691815196439502,0.09858815428721725,0.15144040681599655,0.10066434360345226,0.08286613168367202,0.050958660994822116,0.03773029704257215,0.020656652185502427,0.011958632870386196,0.003662123464547271,-0.0016434990734648788,-0.0016434990734648788
2.10750054496763,2.5271037173474515,1.5888273620526059,1.0661745879657358,0.6840529799885033,0.5037605985953422,0.533223463315418,0.495840000840009,0.8184680979570936,0.8682048517040268,4.7391235877463025,1.855114799941379,16.93381216030894,5.5465208040349,90.42929275402332,-75.22099037709208,-25.337170158901294,-3.9827028947443694,-7.897206121949953,-5.345350416306423,-6.9409915771025235,-6.253212897726957,-6.510491495299779,-6.439828022457994,-6.504672564163765,-6.443790992230945,-6.371640464202858,-6.319696735326101,-6.125241961665347,-6.005207755817664,-5.565419473083843,-4.946069321825036,-3.374790775783988,-0.7520197708409686,-0.7520197708409686
2.061328264939532,2.46588201287755,1.4932717044198869,0.9422905500154817,0.5574141897742874,0.41621745755350364,0.5449757344197449,0.7889608026547689,1.508785625807691,2.9063494458214265,7.907161553399951,7.275192541341628,26.222749506789242,15.370627026312203,96.3081963984684,-78.58090699192795,-26.53752747646632,-2.945291706363506,-4.986440002102603,-1.1999871506928892,-1.7526705304488688,-0.4231815266338363,-0.28759836659840843,-0.033744116035343795,-0.038613854472230785,0.048084245371156645,0.03939169084466172,0.04504978620976752,0.02760886469334326,0.024843570428053623,0.015142437943622529,0.009881484016177534,0.005153789426862918,0.0015134511303717556,0.0015134511303717556
8.410095112224903,8.38615645404922,8.357304206622636,8.316053739709389,8.247369693909189,8.19045920498138,8.28409028978197,8.286296320186421,8.569841081162348,8.535693275563554,13.46498271932673,10.941472012621492,27.581318678325527,16.101939486815954,100.73165587915551,-73.55403920624458,-27.221155740977164,-4.641023601319271,-9.877424532182056,-4.225358012324189,-6.968059202595326,-5.547096941123992,-6.039217085587531,-6.065310620856015,-6.2636582218657,-6.260915478450199,-6.2617715645803305,-6.25591655380519,-6.088444340403657,-5.991936952907364,-5.574068584918576,-4.961745413987491,-3.4051533558266764,-0.7655499324510423,-0.7655499324510423
8.368297482159747,8.323754613155863,8.2536362130766,8.166519134109182,8.007642993350593,7.871338289801769,7.796628722344037,7.750888138813189,7.754041765489199,8.181865578740494,13.084384760336603,12.156113845014154,35.52003916365697,28.51686557682117,119.37889712795482,-67.59569421024875,-25.796088895441542,-2.2976798545842927,-5.39083504952586,-0.49570859528544575,-1.765600131235063,-0.04245810193044887,-0.03584757638859947,0.1701996357690849,0.08934938265362492,0.1532299843541216,0.10024205752871826,0.08372622091023424,0.05035198050996288,0.038294874319797514,0.02082710139256548,0.01223109675536946,0.003745514636783041,-0.0012841557486829923,-0.0012841557486829923
-6.906693087524903,-6.260000645736527,-6.530910467501368,-6.469901811658553,-6.577415469526176,-6.530877175847461,-6.582286063183815,-6.471799181114815,-6.53948444718982,-6.263239877007927,-6.957655222566195,-5.3514773694419775,-7.906888941312328,-3.9679818809152922,-25.358265710321515,-75.16414789512095,90.3107920045432,5.9056804414965525,17.002029197734615,1.912575995027737,4.714997167824777,0.851654763080368,0.7633959989629476,0.3953392789569685,0.3307862695000999,0.10624594531890048,0.06876876925280342,0.03167293634509649,0.016171531437026723,-0.003523262148561896,-0.005464159422936122,-0.007609617077802448,-0.00881794132640509,-0.009482575304018644,-0.009482575304018644
-6.915992244896394,-6.231853651514052,-6.481723099955693,-6.395789744459123,-6.458424530360344,-6.342083691737037,-6.3341868373362935,-6.099335609922874,-6.066283005715902,-5.583259832123507,-6.972627710600723,-4.273390846375721,-9.939300334764711,-4.779651660057588,-27.81607071966138,-76.11130630665133,104.32843023627134,15.824616182532926,28.200899988461824,10.909520668247685,13.578538872469569,8.472734153067288,8.39650163410984,8.015409469981401,7.925757038881664,7.727682924678579,7.721122465843305,7.884063008675862,8.10591374856922,8.667048313399256,10.130020247830355,10.442178106647468,11.758888753404465,6.68960873399169,6.68960873399169
-1.7245818582811157,-0.40090804584797307,-0.2572769777696823,0.009855556027636082,0.004287362133858923,0.09338456607201405,0.012571734871412492,0.0139649790766965,-0.24400284660633068,-0.3961849663657074,-1.6619896987674532,-1.1618921784451426,-5.0004637733617265,-3.1102460733836352,-27.414814331827202,-85.41638591043782,105.762066949084,13.801058241656987,27.460868097234847,7.297090005005317,8.43948691695994,3.0465505408279867,1.5188811436255003,0.7107036407595719,0.3986338118162705,0.0302721056489456,-0.04252343502553469,-0.0941180618332659,-0.0687234126981825,-0.07399534824011454,-0.04863280433386748,-0.03799661590241209,-0.01917794080823655,-0.009954960277919466,-0.009954960277919466
-1.692416843659805,-0.3835097010236267,-0.2280681086807614,0.049483870181224944,0.06949043913945273,0.19814545211025672,0.14913854379395328,0.21701112952854323,0.025194515225828083,-0.030190543339588587,-1.5951270746298138,-0.46718191208479926,-5.270972338361812,-2.4355171216167686,-26.305622205059237,-75.79834792210347,137.44520478293933,24.770882591209258,35.03200878606384,11.351964782379927,13.102422976503865,8.057728797129375,7.6652708085226635,7.529169319979482,7.559398767141129,7.468219798659981,7.532378875953182,7.742150256524218,8.006495019091178,8.592549203178214,10.08306315904367,10.379793506020137,11.686015722019194,6.626821200812215,6.626821200812215
-6.961155592149241,-5.576194625086412,-6.067081887105952,-6.102869720132505,-6.3398318976703285,-6.349224461713113,-6.4654081712615294,-6.402625394991377,-6.485234086968627,-6.23163548336295,-6.895866243377805,-5.322057077141534,-7.877458592246876,-4.03928933436435,-25.511728098313306,-77.05917755321717,92.75372114009095,4.520606943753305,16.990232500193528,1.7472460024225758,4.868394734185883,0.8803590205828857,0.791553308192156,0.4049577411424707,0.35821927791098956,0.11593738024010924,0.07698393377976845,0.03415862502011114,0.020177129026275654,-0.004113137091041802,-0.004691394361094147,-0.008093713036197103,-0.00893624585272701,-0.009285652171539,-0.009285652171539
-6.965600465641119,-5.528932724549093,-6.01677310568638,-6.026360963551772,-6.222173511358982,-6.162714339188348,-6.219799767076152,-6.036975140022675,-6.015388014656059,-5.583112560556589,-6.9068949392317736,-4.311544710729634,-9.901304349286882,-4.888052128363536,-28.012618906538645,-78.2546460868436,109.6170035169679,13.728470668856547,28.283212568077357,10.651956556274975,13.684456509751387,8.404269554121525,8.396365694434408,7.9923364797227805,7.938074248697492,7.7140517344213,7.704068070771648,7.852366659540832,8.078578906594773,8.638184404703491,10.111997596857554,10.403012875563237,11.704203383530126,6.646730606760613,6.646730606760613
-1.702239500635003,-0.027989520624733984,0.0009711654961817112,0.21035223745556192,0.13536440632551466,0.19662486724615666,0.07698946648377594,0.05388748495035846,-0.2104724385701226,-0.37519669638475606,-1.611436771130172,-1.13277706653879,-4.955989729478272,-3.1251522796908193,-27.451289248344636,-86.8201067043943,108.02537682211717,12.672599735608639,27.611787729509636,7.203138869219353,8.578635488677687,3.0613068460540838,1.5311442419108818,0.7086142460541021,0.41576733731389404,0.03340409287516709,-0.03871587319178707,-0.09464827044877157,-0.06624330640160123,-0.07499206501467584,-0.04850746834541442,-0.03783946954163191,-0.01949064762301097,-0.009891555674745308,-0.009891555674745308
-1.6462205552458713,-0.016472243478630307,0.036416400163666984,0.25189654837660397,0.2052154591067074,0.30304141335263124,0.21462142923640587,0.25619980770294337,0.05626490608312636,-0.016032012257939383,-1.5599928069506224,-0.45702209003070343,-5.237925211860633,-2.4385067767162942,-26.208893200133463,-76.13994804082793,138.91551544038154,24.168251329271083,34.792155955143144,11.202015826810912,13.082854867310171,8.050727724271255,7.679130097482111,7.538267465064095,7.578941092477564,7.477576929669219,7.535907717654247,7.737707653096746,7.999134499833161,8.583384720841398,10.077284241557958,10.360828806979523,11.663484148771989,6.60856138867414,6.60856138867414
-6.887791473465011,-6.244301549502067,-6.504206106714166,-6.4405732191044684,-6.529134171967251,-6.485278838179553,-6.484605329062094,-6.467925593228482,-6.46179169970409,-6.453217265548891,-6.447212090511262,-6.444627029296088,-6.441093177430541,-6.441655573104991,-6.439402811432361,-6.44184421284531,-6.440277420444235,-6.443771717449514,-6.442520732742675,-6.447356076461584,-6.443618826560631,-6.448257097300887,-6.437791304392955,-6.44002585630185,-6.407780331952238,-6.396383161352936,-6.311881658363118,-6.2742014149533984,-6.059344995103065,-5.930134182140512,-5.447324230585187,-4.838600191113879,-3.206777374231265,-0.6589247366950296,-0.6589247366950296
-6.891889364005042,-6.227389244722643,-6.4692538334099225,-6.3882071203360455,-6.429954577121806,-6.328093548518445,-6.229424364780604,-6.072764418899869,-5.838320767946228,-5.476206649350228,-5.437091521214397,-4.536671968323527,-5.359058907862154,-4.908116615969309,-5.861300975992353,-5.812498504405287,-5.135879830745148,-3.838053138477686,-2.9095495698200518,-1.4963911545238464,-0.8603678530308982,-0.3252122037749912,-0.05966547720991522,0.07297218632859571,0.10214177009117971,0.11725924582140662,0.0934776936084596,0.07532760062815597,0.050997186450574265,0.03562893608861921,0.02151012155243524,0.010943656661181276,0.004964039464030552,-0.0013692351978686263,-0.0013692351978686263
-1.692906597450321,-0.3884324688215539,-0.2298637387087766,0.04266859657407171,0.05924144485662273,0.16398819717855978,0.14180845853921484,0.11682880457761309,-0.030936702123295814,-0.29742080234918133,-0.8413137789094506,-1.4792644493461724,-2.902873452714015,-3.8523491658651494,-5.1593887134232945,-5.87383250454495,-5.942870627550465,-5.005232641970419,-5.4399765104418565,-4.615839245881141,-5.472093971699143,-5.503408378432943,-5.829463897191514,-6.050252292747847,-6.155183924086278,-6.238664328206127,-6.2152590781515675,-6.22534062205964,-6.041261007176718,-5.940972768443973,-5.494557571357831,-4.890421094663318,-3.3020693264526657,-0.7215770550069319,-0.7215770550069319
-1.7154748784806748,-0.42179452055908195,-0.2803892558767666,-0.0319321185272574,-0.033586319228006305,0.047072772334768316,0.03996169253521952,0.043542024566617384,0.028010751680937723,0.023857249477491526,0.01532547698374786,0.010289520737682942,0.006723071148280875,0.00330359271729693,0.002494864407667857,0.000664512317502233,0.0006809567040322644,0.0002778782238179342,-0.00010111526865558588,-9.504096321315724e-05,0.00016089816282212392,-0.000477121402338089,0.0006199712452384131,-0.0007246874056110773,7.853314427580531e-05,0.00014096972316158548,-0.0001006346681196412,9.575380850883772e-05,2.0831268263212226e-05,-4.205333334033574e-05,-5.0647763542369486e-05,5.9192668514791334e-05,-8.445658435728664e-06,0.00012084998622413642,0.00012084998622413642
-6.953161435433356,-5.566074753559587,-6.040346890098035,-6.069863523281704,-6.286665381986961,-6.296632586686809,-6.363679154795985,-6.392302248220516,-6.407641994810159,-6.418859452012419,-6.424434148595323,-6.430284671310441,-6.430127656755836,-6.433864774490652,-6.433218913549351,-6.435991938880722,-6.435144300466562,-6.438248643490941,-6.4365367334788886,-6.440915874406979,-6.437025178184125,-6.441252703478569,-6.431154292213468,-6.433182331176916,-6.402444567675907,-6.391464355017603,-6.312606030868444,-6.2760288957318515,-6.072882653109159,-5.950337483594205,-5.489616604962496,-4.876723229068537,-3.2735397137366493,-0.6971019761338125,-0.6971019761338125
-6.964547726133741,-5.533641463892134,-6.006167820484797,-6.016122722361679,-6.190882467863684,-6.1448356108717475,-6.1196336820421,-6.014444868458238,-5.81131396289469,-5.491005532936387,-5.46817901749447,-4.620586302237477,-5.446941206423529,-5.014677932886055,-5.950975058033438,-5.877162648217457,-5.1602078429403315,-3.8550055921106168,-2.9054325126315597,-1.4885265924194533,-0.854808041408453,-0.3212621759134438,-0.05903037502813091,0.0727286755316277,0.10192235557666492,0.1168126747758711,0.09209627070774334,0.07466956259863337,0.0507880521230214,0.03502655020459274,0.02131423048176177,0.011259846875772002,0.0043872388095739,-0.000935299609357068,-0.000935299609357068
-1.6590221606474933,-0.016525737419620046,0.03149439777657656,0.24587518190140037,0.19323322810660615,0.26860598886241993,0.20374812467614317,0.1549714029660487,-0.008401124131048893,-0.28738833216536797,-0.8401524828886414,-1.483843152792557,-2.90692775604352,-3.844232079288399,-5.145849541458208,-5.833278257027781,-5.882733837750623,-4.933980048054549,-5.376647842699069,-4.554031574952431,-5.437944593993379,-5.474743910460944,-5.813470318576203,-6.041345461540234,-6.1524116428023605,-6.240263904577844,-6.221323023771387,-6.235163594550251,-6.059161435060245,-5.966587525698844,-5.535683582743728,-4.929193951417483,-3.360036579101327,-0.7483116708102621,-0.7483116708102621
-1.7438883423719207,-0.047882284146171135,-0.032021678649480384,0.1692724322923472,0.09255461869491342,0.15236037219750267,0.09993964535358082,0.0831119593684885,0.05138492402849595,0.037984482663533624,0.02157376371905017,0.012942814756829985,0.007273017422407217,0.003863321436671107,0.0006857456750765797,0.00046289357208881873,-0.0005927570343312908,-0.00047010337248845087,-0.00048768891278936217,-0.00014806398988253958,-0.0007627062047324554,-9.894594668605643e-05,-4.8787752273853087e-05,-0.00036235222929848534,0.00023974562513250073,-0.0002551245850585107,0.00014943617303756127,-9.16594701239597e-05,0.00011806069044476562,-0.00013587018336432948,0.00013152367510868945,-0.00017908809840435152,-0.00014222741216130506,0.00035075828785087655,0.00035075828785087655
4.741704191438738,0.8497175317845735,0.7609955444856816,0.39204098584705044,0.32863939837763406,0.10322144737592502,0.06677655299497723,0.030374279842632745,0.014533454244976271,-0.003230692602843839,-0.006172488680578872,-0.007121534118255861,-0.007098893191562492,-0.0066341967249149555,-0.005211926348929142,-0.003531784639134564,-0.0033290022273571506,-0.0011197315801047777,-0.0018231013549365666,-0.0009463600149843092,-0.0005459278390893401,-0.00042991023524041296,0.0006996402481876897,-0.0013080529496276474,0.0007696967722352928,-0.0010381369958934645,0.0017587850930093122,-0.0014747124468382914,0.0006583305332633045,-7.407341260869554e-05,0.00023446014213937338,-0.00027327695333626483,-0.0005476189854087113,0.0016109831823735846,0.0016109831823735846
4.737154131866319,0.8795795420657223,0.8155229606735248,0.4920926396945513,0.5214384970948935,0.4930221527339276,0.6736487968397822,1.0589168717598334,1.5768586677419194,2.5373457932348433,2.1035816860312346,4.598220316465149,1.3976577621434811,2.8992507280135777,0.17487412209905345,0.669918259507177,2.6829750058370854,4.114712848388305,5.718148708961161,6.353540542583516,7.447429112542712,7.4494256798737,7.750661783955825,7.759677115287293,7.801934913758943,7.769780164004558,7.783600893473835,7.924933985268107,8.142162911216085,8.701580752297447,10.160746013270874,10.489047385905582,11.816552107507688,6.740202341442346,6.740202341442346
13.455621174327398,8.515883646659553,8.497381936103269,8.17855306282726,8.133934615594729,7.9675416332823765,7.979231861521948,7.915265234053998,7.898269576015137,7.582060775434038,7.653952639096038,6.590754342494538,6.151157237563567,4.611434758269185,3.3304271670941628,1.1990125839046368,0.4818598254041723,2.936302370413885,1.3195498761345734,4.394008508057328,2.096549214065131,2.465473464039251,1.582223176940323,1.035558887241204,0.6281099554600904,0.4022950098293663,0.2078467305502703,0.10534388181070611,0.055597414226460265,0.021905696912487956,0.0042287230645015085,-0.004955282894144406,-0.006615698551681689,-0.008712430309034984,-0.008712430309034984
13.49295758941599,8.564493866694114,8.573944964479443,8.291216332094502,8.283114811099967,8.188494461578564,8.245274972195919,8.312371777225565,8.353193096018549,8.381439272765189,8.40451297642261,8.421772026705783,8.432154022199436,8.437171318480194,8.438871761051892,8.437250955705894,8.43255466698728,8.422027864475252,8.406747433784881,8.382282826103829,8.347764654083898,8.29847871416859,8.228908755123257,8.15311644040033,8.04862990778433,7.961585401843832,7.891820398835903,7.991389862863424,8.17338739207712,8.714490046711578,10.169820453963487,10.457984734618545,11.77910001541833,6.697719542941256,6.697719542941256
8.156780128711627,2.9727955237880934,1.484431619849404,0.7013442647002692,0.3740069591712617,0.028769877124853314,-0.04662308151760474,-0.09101163169274681,-0.0694696305600371,-0.07286975178101124,-0.050124730486192946,-0.03729501129766006,-0.024069262729557825,-0.016080945283199897,-0.00950314254762842,-0.005222218220930446,-0.003567360351556502,-0.0013572212015063566,-0.0005582036269058267,0.0003788171717301992,-0.0007465669091005492,0.0005090605267790769,-0.0002780325188619408,0.0006951841795674118,-0.00038409565790740297,0.0005819105635877782,-0.0005578583088886829,0.000287932181180982,0.00012002783065592558,0.00010082451861693218,-0.00021877759124058042,-0.00032390642908126206,0.0004885190011095085,-0.0004985518252779645,-0.0004985518252779645
8.480457273384463,3.06790314538782,1.5839567370647056,0.8208560915841457,0.6157252233484877,0.4394973945748916,0.5889048276009393,0.9417044648791635,1.5114647563871213,2.3687779240209763,2.0315301645314303,4.310736433511235,1.2850162781516057,2.945446566812563,0.5584924978059459,1.3262993465680941,3.472965369773798,4.705446612549763,6.219676583919742,6.599252768398656,7.637700709831372,7.51564147722094,7.783909807045473,7.755575291457773,7.774046544630027,7.7256776605093185,7.7217840073662485,7.8490375631099285,8.064718636864301,8.631925691242675,10.10339955703625,10.378551275670464,11.668093567018555,6.62253018916105,6.62253018916105
13.146071925665582,8.193078756152964,7.791133973005947,7.718250087692813,7.7895652924770085,7.734761251842813,7.818403234918888,7.80744589220344,7.812122730836978,7.504152138522605,7.520544188968093,6.431344603336597,5.846277876746789,4.253118571885104,2.8560270113026154,0.8058312284898894,0.25076166627457025,2.906371047520815,1.379581884729996,4.552770093579105,2.111878376946515,2.5233671868771723,1.5708702751358368,1.0321118351706822,0.6120109943786461,0.3916092904261,0.19681518082990482,0.09637066811934737,0.051020853431853266,0.017748697694437543,0.0006952547185184504,-0.006021576224250631,-0.008054125457043265,-0.00933975610057973,-0.00933975610057973
13.10319293410893,8.206760055507882,7.8421592113095695,7.815937442970358,7.920766994311849,7.946571102483078,8.081506382616261,8.20887751736989,8.290738507337432,8.342470962021613,8.381314120050435,8.407772746097276,8.423133698250183,8.43207658112333,8.436316827221889,8.435798606539487,8.431432823165188,8.42225153455957,8.405138573625145,8.382050813864383,8.342788078237366,8.293707199079199,8.21889858979291,8.139112257481218,8.028771133282701,7.936443155408769,7.861023744767653,7.956407153811464,8.139545516489626,8.681844214107985,10.14377915275575,10.40688465826632,11.70261844728526,6.63956136794308,6.63956136794308
4.6921147440982285,0.8451144990497348,0.783119847998849,0.4289699247171952,0.41592088255092935,0.23571979704658289,0.47443084376694616,0.4563275205710111,0.8749207130317205,0.9610932433646303,5.254200071490815,1.557045880295505,17.456285144845502,2.3117567398373566,98.12090009370057,-81.26331588005091,-26.240063169958297,-4.22349914588673,-7.925659449333961,-5.319032115479952,-6.861084535053587,-6.255313993715928,-6.502882559043002,-6.445772692261872,-6.501340371529102,-6.4498694539187635,-6.364135855735611,-6.309333384301835,-6.089582568523801,-5.950076654510651,-5.4641389474499835,-4.849404001026874,-3.2164870653895186,-0.6672768897671616,-0.6672768897671616
4.626756780658681,0.7619993752590272,0.6891461858246926,0.29630074626344904,0.28550540336539837,0.1384865707643155,0.48489364935366597,0.7455292750486703,1.5525128196701972,3.0691599270820555,8.563818485010795,7.226331074033395,27.59328414756904,12.88216246415649,107.22511406589368,-86.31377107847992,-27.451126218243484,-3.1371690690678933,-4.977992641631317,-1.1532819252234197,-1.642546309053878,-0.41569099158515366,-0.26426554375266664,-0.0281055342978593,-0.024766910837718,0.045361718735268355,0.03922130938241316,0.04132685843078025,0.02877095803299945,0.0205919486240726,0.014768515157543571,0.00857059840668661,0.004790240996039637,0.00014195449226945305,0.00014195449226945305
13.564155886219908,8.513921450883945,8.50598474825506,8.166614493046625,8.12170618753945,7.9520154666380565,8.131214224635217,8.16145633142605,8.509105301285484,8.500955663622518,13.61620554713136,10.774184971393268,28.019707493477245,14.73013788972804,105.8137744944683,-76.18348603667499,-27.681311264368066,-4.818196793367623,-9.894265904297626,-4.288410597397832,-6.932311963534496,-5.584071856828637,-6.034214204438629,-6.068130723487371,-6.254366783269798,-6.2538247725044664,-6.245546843766923,-6.23814908666742,-6.057529301664221,-5.951904026237798,-5.511115312051204,-4.901867951156995,-3.318534792292533,-0.7231126928049417,-0.7231126928049417
13.545487217514651,8.470072606173957,8.438487025127305,8.054365560504735,7.941578552880159,7.699051383134381,7.744689451720738,7.689379018514182,7.776682858764109,8.1494047028345,13.125457067683685,11.498396270665298,34.974801152477205,25.273514729848277,132.54357348815546,-73.26997235541685,-26.053768598876935,-2.4082215648345593,-5.283635504701836,-0.4789234264655183,-1.6325834207539134,-0.05269139525531163,-0.008261390044459959,0.17251361519373257,0.10569140816089474,0.15160563163325094,0.10203967743267033,0.08236010063434056,0.051371788493139316,0.03727869052802701,0.020621694862702888,0.011223302138472625,0.0039565866767158125,-0.0012944105897874142,-0.0012944105897874142
8.18537445095445,2.977567265804559,1.514306576631124,0.7383611967649103,0.45780011300345075,0.14912403857881268,0.32544516399077994,0.32112255820778507,0.7471478292937955,0.8480314450413611,4.958879261181153,1.7111822272158723,17.26036688786111,4.113634161015098,94.27166519626469,-78.29806743575865,-25.85872427788584,-4.119227387802565,-7.929389442764248,-5.335366123319426,-6.9052354652652115,-6.252071421546986,-6.503557124820366,-6.437702772823419,-6.497933985078916,-6.441623627146193,-6.362646474395971,-6.309840432909155,-6.103650618694533,-5.974000315333263,-5.51276172519563,-4.896132686400195,-3.297991369737222,-0.7118675716370312,-0.7118675716370312
7.9208113460866345,2.849488089194922,1.3968858212414303,0.6037312066164107,0.3210606108999955,0.06394117028211703,0.35373553571837957,0.6220199528383443,1.4422984807942756,2.965163175260157,8.298888825781406,7.229345403307552,27.046165248408293,13.866233239520522,103.44720553517584,-83.827844390553,-27.021048740185115,-3.0676292791243,-4.962048369268831,-1.1622279831030937,-1.6626066153897816,-0.4168564164573002,-0.2701507826609394,-0.029630407784111957,-0.028258977749855706,0.04568639648790676,0.04012117110592794,0.0420980799070939,0.027614574150133336,0.02280390408426174,0.014351110963299893,0.008995703463165066,0.004525446017783435,0.0014378288011036326,0.0014378288011036326
13.192812793722036,8.17956964564043,7.804773113537384,7.704892759146108,7.767424567211611,7.7109920019617295,7.943146882732741,8.063242114601142,8.435562218965913,8.482190210849286,13.46031486001753,10.965521890812095,27.779672645529626,16.363263893523495,100.66032906888007,-73.85121967185063,-27.397614288886906,-4.672978824575496,-9.908582189314824,-4.2320642793753045,-6.977305411080101,-5.548954031670589,-6.037086444093732,-6.061104020396032,-6.258874614639656,-6.2533559506755045,-6.254131710832393,-6.247736853883109,-6.0803615814883,-5.983939704436797,-5.566846063880513,-4.954817536117248,-3.4028597172451946,-0.7723961988059836,-0.7723961988059836
13.013465493281469,8.075489421782269,7.662486278185734,7.552651574217906,7.528409215541207,7.42060560841241,7.5298160941251435,7.552973203924066,7.663960584396807,8.07391635959747,13.01199589593278,11.570860351812813,35.0092816717179,26.166898321011264,130.18898417998727,-72.2682920778309,-25.942595047902007,-2.382466463012524,-5.290269950487604,-0.4786914599085195,-1.6531217754026652,-0.05062645918471267,-0.013375434943283148,0.17178861881181143,0.10258127549008474,0.15138637291831508,0.1017012464688066,0.08217226311398722,0.051738148186266854,0.037339476608508934,0.020627286018656193,0.011201923053935556,0.004244433171096711,-0.0014322179313883516,-0.0014322179313883516
-6.45056573933692,-6.457076325816221,-6.466822692289611,-6.472032117205521,-6.490515545249227,-6.489443913030431,-6.54563490145459,-6.451350950637395,-6.5295520988896625,-6.258651210054328,-7.003600311618744,-5.369890728073592,-7.922825809349631,-3.865273888326595,-25.153379123238903,-72.6868115911698,87.3160292999609,7.177140866546181,16.938076272651113,2.0434276513800387,4.545405531710248,0.7829277208449277,0.7202919748026578,0.3742959568445552,0.29757500434137724,0.09193143195447788,0.05806575325414697,0.02895818131976571,0.01194570343202385,-0.003596448313283061,-0.005490470425208639,-0.00782708812078409,-0.007671173998171847,-0.008444174966897722,-0.008444174966897722
-6.431544736076539,-6.427453448286506,-6.415780646044734,-6.400050118194643,-6.371073774137784,-6.3003964823287575,-6.295983953283571,-6.065599124052812,-6.048422596113357,-5.520327939063866,-7.015069850949889,-4.183917295629413,-9.921997937656828,-4.550232046081917,-27.236498654198275,-72.80809393644411,97.85195775246764,17.64429448944855,27.643192356921862,11.10587129800509,13.340460558334193,8.436701985676391,8.374806136010777,8.025530379578834,7.905929272988785,7.744156343083955,7.746626443215843,7.93184031860772,8.156962175128438,8.725389316047647,10.184626115419926,10.561436879921953,11.897381087108807,6.813639339131253,6.813639339131253
-0.8464867836513461,-0.3001703424652562,-0.0326029636274494,0.11716951248609703,0.14253574725976753,0.16541879700815862,0.05469537935448574,0.04196475698743306,-0.23737588211735308,-0.38809520383209084,-1.7311619996972754,-1.1898509821834056,-4.994342524203094,-2.9664323570091122,-26.722297445412433,-79.6973143807878,97.78327057910931,15.407005173132571,26.43094215744752,7.306032648657194,7.959313455974226,2.9025458794532373,1.4602274315821524,0.6916767472128962,0.34958270272397757,0.024507338410216146,-0.053326556753351906,-0.08928654545980753,-0.0706650218518036,-0.07108406071118804,-0.04779162450581151,-0.034581145750588835,-0.01849567342929241,-0.007226949439602887,-0.007226949439602887
-0.8420333775162288,-0.2888246645726016,-0.00993160075823793,0.15430526943527195,0.2030755237441463,0.26831746255428124,0.18957873221415614,0.243457267735861,0.02456161989745337,-0.017834011517883608,-1.6931989984729114,-0.4844944577954594,-5.37021782467239,-2.3895535498727853,-26.191157510278053,-71.58273551238675,127.05338503932201,27.455157614850854,35.56681605860913,11.85668148862803,13.081398070799045,8.09135817156991,7.613663910959062,7.510497871085372,7.4942071100801275,7.452920282764099,7.5263834127343445,7.770896603237835,8.039026193283606,8.633769864660163,10.113666853697007,10.459487040778768,11.783568143069994,6.71573281262246,6.71573281262246
-5.498183305718796,-5.532943756268623,-5.86823695377268,-6.090424338924419,-6.240191944237058,-6.333431365888997,-6.4381187445674,-6.391546464495153,-6.481877315125705,-6.229443388454352,-6.954023036914539,-5.346007986735195,-7.895648134066236,-3.917176850429986,-25.216660781317756,-74.06959175254524,89.0518998445574,6.4485338182500405,16.915426235376597,1.952220857987349,4.615116387819732,0.8157060593337246,0.7391275823146893,0.3853376444074821,0.3158862030209962,0.09989873759597039,0.06499453623392976,0.03014630056362282,0.014979476196254178,-0.002758784355067443,-0.006395603185912296,-0.007570152034133499,-0.00774868171215428,-0.009074794929950458,-0.009074794929950458
-5.450529206304185,-5.474488838218715,-5.8027390454851835,-6.0100564023411955,-6.117646068422558,-6.14505675779331,-6.190455865075706,-6.019172999018941,-6.005710424499742,-5.54718588076,-6.949790831927871,-4.25991435280668,-9.926308913608676,-4.766630008088315,-27.812309122771236,-76.32973413581904,104.7908489681231,15.706799454332833,28.171888283849466,10.89313951365961,13.572957525653832,8.454391697181782,8.394713970531344,8.012281397970307,7.926300791759,7.727716115640148,7.7224807734228555,7.88531359117714,8.108865724596686,8.670438740786876,10.135458238687844,10.45501242028376,11.772095290708783,6.704865001850167,6.704865001850167
0.014760716262942621,0.023361829507658284,0.027367686439914964,0.042548333829714687,0.04003332909172041,0.04656904591237989,-0.027104444805669745,-0.0295367615034934,-0.27067393601574974,-0.42029230824984043,-1.6718664543347561,-1.1728381286477823,-5.016047690211234,-3.131177625251132,-27.44504131344201,-85.48443206592385,105.59957145493868,13.827771011118429,27.553917730068473,7.336738606515345,8.50899507063023,3.087649264553153,1.5339196793066319,0.7191923775559766,0.40478088239855897,0.03399364091131269,-0.042448538326589604,-0.09297438318168509,-0.06930552037070217,-0.07558063445181885,-0.049003086058141465,-0.03800285198810156,-0.019806566029738806,-0.009840037875407064,-0.009840037875407064
0.02107632631030026,0.03649163489596152,0.05210491323044467,0.0814379257259428,0.10271373254761908,0.1513025641453863,0.1111483458467476,0.17260817820729338,0.0013167261205361284,-0.0563301815768749,-1.5952171903802674,-0.47889811269409893,-5.276987862333741,-2.46350889214416,-26.459329279643722,-76.98840778609485,139.67968411787152,24.250983400715054,35.08410606298601,11.310288894630222,13.178981334704003,8.084863153163061,7.69573845385293,7.542405654224112,7.5792037673158115,7.475701020418568,7.535714205396083,7.740677837341478,8.002399426959622,8.586228398371011,10.074287135842031,10.357645372389754,11.64755501189292,6.598863246719093,6.598863246719093
-6.431703439612815,-6.433141482656923,-6.432599194005269,-6.434143543790961,-6.4334049956644614,-6.436329624866333,-6.43436452039186,-6.43697320585743,-6.436699179189391,-6.438760853322229,-6.437743583429413,-6.44025744222048,-6.440412240252198,-6.441558364094309,-6.442278377576022,-6.4446051700646105,-6.44495131921608,-6.448099222545888,-6.446840284149118,-6.452867008035345,-6.4480740552915465,-6.453962325528024,-6.442523212110593,-6.446019878421489,-6.411571506826503,-6.4013804634038705,-6.3128120915246715,-6.276018998775448,-6.056004349195265,-5.922812689103302,-5.431181860244064,-4.823031725288177,-3.179306721131878,-0.6452940105742826,-0.6452940105742826
-6.43183807641752,-6.428614722574672,-6.407958941706646,-6.396091776185807,-6.344174067132579,-6.288199930791726,-6.181394502908413,-6.034902529458761,-5.793871229708146,-5.413273467925203,-5.376601615309331,-4.420567830944363,-5.251288784953919,-4.7823741045923045,-5.763195196079288,-5.75079381663499,-5.119968831129408,-3.83179258328325,-2.9240756108955015,-1.510380886742805,-0.8720372186825008,-0.3315119306237317,-0.06337263567647156,0.07094528606640149,0.10307836831899653,0.11660840436544917,0.09412460951143957,0.0760120200770766,0.05112908215028216,0.035953072862054146,0.020985792894169353,0.011990700303985137,0.004324911532181424,-0.0012844859331580373,-0.0012844859331580373
-0.8405555027726884,-0.2906227600923175,-0.010927586106543437,0.14660603623224772,0.19341662294877468,0.2337724941464478,0.1937115723440271,0.14924882478766877,-0.007546800228092516,-0.2818169688266516,-0.8304079000359554,-1.4705111242956614,-2.9037133733400333,-3.8764644787504556,-5.195271107653636,-5.952129846668967,-6.041264693922078,-5.1183526329743465,-5.53720073365863,-4.710566002495532,-5.522757219472481,-5.551372009761215,-5.855307218790567,-6.068028415150445,-6.165841527061109,-6.243563254839115,-6.213524424138377,-6.219464305911604,-6.023441953618624,-5.912148527826515,-5.442326247181817,-4.841044538701336,-3.2196492210979857,-0.6739056215873633,-0.6739056215873633
-0.8619668330325417,-0.325503161823287,-0.06040318042974061,0.07266567623292007,0.10337448533781916,0.11661180380448113,0.09361180325750708,0.07537703900044027,0.0512465621778623,0.03583606843604565,0.021599831857186155,0.013633022614120204,0.006799704118750779,0.003244041185135929,0.001838412978368551,-4.0521135286435816e-05,-0.0003480781022476284,-0.0003840872582695239,-0.0005225222950506535,-0.0006563766201826176,-0.0003118076733506346,-3.1937647926223385e-05,-0.00018637602544972263,-0.00024147917690852468,4.378391573755662e-05,-0.0001384490482453705,-1.0880961440188752e-05,-0.00010014028859341484,0.000491329330719308,-0.0006022257635627581,0.00045269565061231015,-0.0005856263492223498,0.0005279937785038409,-0.00027099788595134075,-0.00027099788595134075
-5.460351235775096,-5.490937248204576,-5.827783397914614,-6.049641196300099,-6.184561993145349,-6.28012402007932,-6.332996915669521,-6.380624708797577,-6.394267494180596,-6.413602438393175,-6.418596725076935,-6.427757676903405,-6.427834628586614,-6.432976793552635,-6.431933175141358,-6.436137087665376,-6.434784631211112,-6.438415826273701,-6.437205589222844,-6.4415073572096535,-6.4380933431312055,-6.442329553157005,-6.43163138004074,-6.434359394178115,-6.40253319737481,-6.391652358870271,-6.309483717030944,-6.272754464746979,-6.064096170205788,-5.9382500917611445,-5.46645306853612,-4.8568914421764955,-3.24020421305356,-0.681382450669405,-0.681382450669405
-5.469054283842775,-5.492743242130387,-5.801133701201698,-6.005248689947163,-6.088120241061127,-6.126882247776406,-6.079097146951239,-5.984524652187037,-5.765870620423518,-5.426624237583402,-5.398104834350837,-4.49391958356659,-5.3227681199356285,-4.871003539961874,-5.8317877026085085,-5.794275990883282,-5.129291121238864,-3.8355440769602263,-2.912379739367414,-1.4998672136544735,-0.8631212486007683,-0.3263796690971279,-0.06127987205321086,0.07230145281977297,0.10323083999779721,0.11650279472239122,0.09363195353836427,0.07570600807026538,0.051090043582037815,0.035662628703384866,0.020848114658574057,0.01257045264854908,0.0037631059067988965,-0.0011222196168960761,-0.0011222196168960761
0.02104417455182701,0.03534269891374591,0.05010669538344765,0.07467593250663651,0.09197634945767678,0.11698608389468496,0.1014168476597065,0.07357584156990842,-0.05804750897747326,-0.31928276625982704,-0.8531775031871044,-1.4867577066660205,-2.9093679432731725,-3.8685944254406164,-5.179663396189462,-5.916120704846392,-5.9955100417861695,-5.0665498245856435,-5.49195770765922,-4.667591509507659,-5.4996292972886325,-5.529853587200715,-5.844335469926672,-6.060874644889238,-6.1621663532157065,-6.242772840782532,-6.215015892322441,-6.224198232648493,-6.032138172627107,-5.926611351932678,-5.466809860607779,-4.862055706919996,-3.25473567433909,-0.6894450613707356,-0.6894450613707356
-0.0003320917620556524,0.00022804269706143139,-0.00018588630561672823,-0.00027261706755248813,0.0002248057924997627,-0.0001734168597287124,0.0001887925185782589,-0.0003301105730627916,0.00030448784804567165,-3.478797433955342e-05,4.375293049793688e-05,-0.00022835156262268388,7.822833987501322e-05,-3.8958868360286673e-05,1.0170454230720834e-05,0.00016875702102068176,-0.00039450090094193184,0.000483574923087104,-0.0003068989223992081,0.0003721274327254904,-0.00033130832264354274,-3.156035962587662e-05,0.00016518563506646983,0.00010442709957213698,-0.00031905538206190707,0.0002673010876682509,-0.00010735253358589494,-0.00019002252475637998,0.00018779239774081434,0.00014063871155348538,-0.00022039208919904745,0.00023914191984771672,-0.00031564233178671625,0.00023809393517636217,0.00023809393517636217
