0.003339841533336699,0.0033398415166672815,0.003339842483336236,0.0033398412000085974,0.0033398418333469514,0.003339842516687777,0.0033398411833628944,0.003339841216706318,0.0033398412000508874,0.0033398424833969366,0.003339841816744562,0.003339841850093272,0.0033398425167772395,0.003339841183461966,0.00333984120014849,0.003339841216836515,0.003339843750192358,0.0033398386335494307,0.0033398424835747874,0.003339842516935157,0.0033398399169628106,0.003339843733659262,0.0033398399670234447,0.003339842467055503,0.003339842483754923,0.003339842450456324,0.003339838700493033,0.0033398424505304953,0.0033398424839025972,0.0033398411672788653,0.003339840000657635,0.003339843717374682,0.0033398437674336447,0.003339846300836807,0.003339853900925314,0.003339859017708209,0.0033398666345465684,0.0033398971514779917,0.003339922601955777,0.003339960736150876,0.003340016704595902,0.0033400675412881935,0.003340120964866422,0.003340087909542242,0.0033400650832417756
0.003338266862508061,0.0033382675375014663,0.003338266862506637,0.003338266375019739,0.0033382666000317716,0.0033382683000489862,0.0033382658875693513,0.0033382668625931717,0.0033382654001196835,0.003338267337650182,0.0033382668251825775,0.0033382673377165186,0.0033382673502488722,0.0033382706502779382,0.003338272550299076,0.0033382816503119447,0.0033382892503266144,0.0033383045128788603,0.003338325525566181,0.0033383560010755366,0.003338398939841407,0.003338437092271518,0.0033384914715143335,0.0033384876136787456,0.003338506731233562,0.003338286415053711,0.0033379592895456584,0.0033370457151948325,0.0033359293079080607,0.0033334306874750717,0.003329761386755795,0.003324813253645656,0.0033182347346883117,0.0033116482412284733,0.003304146047078334,0.0033065901271341967,0.0033065498303687666,0.0033300013465702855,0.003349946696272459,0.0033737794525611985,0.003380961971062209,0.00338347551346182,0.003376840576451745,0.0033765143814813202,0.0033710465534226887
0.003339172627846995,0.0033391800040142856,0.0033392044035477357,0.0033391877505369377,0.003339199357558814,0.003338972646758691,0.003338641066960163,0.0033377266323338095,0.003336607347372534,0.003334104608288423,0.0033304371485619565,0.003325484585238368,0.003318906367453808,0.00331231377925571,0.003304809479069435,0.0033072674223034665,0.003307221484017854,0.0033306988994984198,0.0033506615701326273,0.0033744986074069074,0.003381653798032154,0.0033841507794546443,0.0033774840635065894,0.0033771362716641384,0.003371601103206453,0.0033702608278343587,0.0033688595685978733,0.0033688416137105854,0.003368876241098797,0.003368830450493135,0.003368738870625637,0.0033686581806597914,0.0033685555816237605,0.003368661121711617,0.0033704207269461294,0.0033721913765284036,0.0033784518467160685,0.0033793871923603366,0.003386443406985069,0.0033834541289793916,0.00337439080825351,0.0033491592321123714,0.0033272801394412673,0.003303074109550601,0.0033029652610127433
0.003337162706326706,0.0033371696790242327,0.00333719423573424,0.0033371775274450293,0.003337188484551901,0.003336963680971863,0.0033366327403390383,0.0033357176939432043,0.00333460322823456,0.003332104960634984,0.003328443264688284,0.003323499149518819,0.0033169292953692617,0.0033103481460159912,0.003302852008780634,0.003305291814136423,0.0033052255099981697,0.003328653685182532,0.0033485606885006233,0.0033723850438549955,0.0033795704532457206,0.003382125874465667,0.0033755501514834154,0.003375341548476095,0.003370000994098593,0.0033689328458126775,0.003367890319526268,0.0033683260186018354,0.003369005538984334,0.003369611089029871,0.0033702237319252377,0.003370729706706899,0.003371147860647271,0.0033713522887039533,0.0033714117150689055,0.0033713663700677345,0.003371207093832358,0.0033709828426476103,0.0033706664525068983,0.0033703128138289976,0.0033698963164723794,0.003369441826391775,0.0033689334039448153,0.0033683286878757775,0.0033676795935212627
0.00346763037686045,0.0033746535065060073,0.0034162253506821835,0.0034021792172928694,0.003387698876384201,0.003378698456138807,0.0033797443592140427,0.0033782428381764545,0.003377226300742912,0.003375649776462047,0.0033744328870092587,0.003373415548396729,0.003372482409160757,0.003371940422840553,0.003373214463288417,0.0033746200731128756,0.003380643246376559,0.0033814090665588623,0.0033883479567926597,0.0033852519789624846,0.0033760938131581625,0.0033506889967054665,0.0033284609464267964,0.003304048764460468,0.003303761694396996,0.0033011054232340107,0.003308605120679479,0.0033151545340279246,0.003321706242521778,0.003326642518995535,0.0033302489045116124,0.003332727343061481,0.0033338175245626028,0.003334724314433905,0.0033350430999678406,0.003335270600166624,0.003335255395511699,0.003335270039623996,0.003335244686019446,0.0033352231568663693,0.0033352208741022865,0.0033352205057868654,0.003335229276726241,0.003335176135480137,0.003335142178014921
0.003462660295366979,0.0033699951049135516,0.0034116035265478566,0.0033976756182187645,0.0033832978700150014,0.003374352409021309,0.003375428567560391,0.0033739775093012737,0.003373010326942891,0.0033714830046831707,0.0033703088973598854,0.0033693322439901385,0.003368427905543514,0.003367899864977772,0.00336915262539948,0.0033705397502109325,0.0033764812040556805,0.0033772219226652677,0.003384132024976505,0.003381158285240912,0.0033723202552308567,0.0033472273890927996,0.00332547675410762,0.003301294500466387,0.003301109344891083,0.003298268571931149,0.003305400397698402,0.0033109914009495168,0.003316352441300048,0.0033187198083509404,0.003318570236031486,0.0033160311636445034,0.0033104768567064737,0.0033046876001014422,0.003297444459534389,0.0032998300547246854,0.0032993547130556232,0.0033219123868584418,0.0033398627607127244,0.003362345316822675,0.0033680248178170925,0.003370178481554996,0.003363978344637579,0.0033641878776875258,0.0033593399737992047
0.0034627486111146787,0.0033701386263897963,0.00341180236078199,0.003397989247737798,0.0033838013056414267,0.0033750985853660768,0.0033765089363303013,0.0033754786707621246,0.0033751232224317196,0.0033742001444957976,0.0033736629461711765,0.0033731956184441803,0.0033727415354245574,0.003372228058921577,0.0033717151283732937,0.003371230699851851,0.0033707549740746847,0.003370264637769673,0.003369777729961049,0.003369262134976787,0.0033687435822755446,0.0033681804493408043,0.0033675881563438523,0.003366932136646045,0.003366215186889019,0.0033654123183412756,0.0033645227967807516,0.0033635431889190927,0.003362395665884306,0.0033612864087258225,0.0033601772851072523,0.0033592872333214727,0.003358546812180852,0.003358390739985169,0.003360262251544487,0.0033622612594772267,0.0033690106526622515,0.0033704727870754857,0.003377770311870601,0.0033744873022230944,0.003364025894334847,0.0033378039842112033,0.003314410807970118,0.003289619281508537,0.0032892354178998945
0.0034622872480565875,0.0033696938639334907,0.003411366360377753,0.0033975608994675343,0.0033833844769953947,0.0033746851782151333,0.0033760991330757076,0.003375073470226095,0.0033747234719067147,0.003373804754829674,0.0033732732440252123,0.0033728141852321708,0.003372367760520732,0.003371857823592308,0.0033713547856346953,0.003370884167073862,0.0033704204242476312,0.0033699467363035042,0.003369479180377237,0.0033689982683249883,0.0033685226213350243,0.003368024496430405,0.0033675196180238554,0.0033669989454705213,0.003366463319855715,0.0033659072200638205,0.003365338733943239,0.0033647460630876038,0.0033641415496265524,0.003363511509009386,0.003362870672099237,0.003362203444513691,0.003361523451920617,0.003360820016918943,0.0033601029056378093,0.0033593635154654466,0.0033586062495041397,0.003357825189301682,0.0033570340264631824,0.0033562015845283472,0.003355361897590297,0.0033544642283907296,0.0033535455005800005,0.0033525020937270117,0.0033514308859312757
0.003340516787510268,0.0033405166000016412,0.003340516787507365,0.0033405168000227494,0.003340516337535988,0.0033405170375552964,0.003340516100077593,0.003340517025103658,0.0033405161251329678,0.0033405170376662337,0.0033405160752037364,0.0033405180127476955,0.003340519425301229,0.003340522275370166,0.003340525650464817,0.0033405361006072646,0.0033405485008408467,0.0033405657012399365,0.003340593326975643,0.003340623878269425,0.0033406734431945433,0.003340697297224788,0.0033407411793362944,0.00334063913844605,0.0033405571392707656,0.0033399591987941144,0.003339165730434871,0.003336976085540344,0.003334411600861182,0.0033283196760409126,0.003319076305414919,0.0033034992467663566,0.0032862281211074747,0.0032579266071389493,0.0031997868870479638,0.0031415046132824737,0.0030901442979705284,0.0030950799423541814,0.0031571721632405363,0.00338471604564418,0.004769144039038578,0.004763278672854536,0.004547555324288596,0.004502464860783292,0.004501424588350849
0.003347476322234,0.003347475711113171,0.003347476100009209,0.003347475888916785,0.003347475666711166,0.0033474761222907173,0.003347475255651931,0.003347475277906993,0.0033474761223882318,0.003347474833540931,0.0033474744113648693,0.003347477400304854,0.003347479089249151,0.003347483711532205,0.0033474922227089993,0.00334750958944518,0.003347530789516228,0.0033475748784865347,0.003347627434196403,0.0033477096569105103,0.003347815625373968,0.0033479190310927503,0.0033480699711738704,0.003348042025817168,0.0033480591089169024,0.0033473319979545244,0.003346329645686196,0.0033431997712966744,0.003339331069441417,0.003329958683386305,0.003315952326212767,0.003292062538374801,0.0032637664255758575,0.003219331895156001,0.003137359421147012,0.0030590984886587074,0.002980611058749729,0.0029830173642272353,0.003061512171931502,0.003339929415286926,0.004764019944772876,0.004737782528920034,0.004476799993668799,0.004398193344358076,0.004360943658647682
0.003342576473632998,0.0033425847439134734,0.0033426076502911725,0.0033425912405966613,0.0033426022871159812,0.0033423749432081274,0.003342043308609194,0.0033411232295878545,0.0033400008201820647,0.0033374903180976795,0.003333809687499616,0.0033288424926013554,0.003322243104605019,0.0033156377561636796,0.0033081213838431775,0.0033106073182691867,0.0033105939952326456,0.0033341710172633526,0.0033542326195556624,0.0033781339953200956,0.00338529474005851,0.00338777446678519,0.003381054788779543,0.0033806018469298297,0.003374958098724654,0.0033731677545738776,0.0033711543426797924,0.0033694666431252117,0.003367646264520303,0.0033624336653245573,0.0033539527758389602,0.0033385839554102618,0.0033206158288867824,0.003288509714559596,0.003224410552763933,0.0031556131401489903,0.0030910604507232357,0.0030896103259373006,0.0031766432330824516,0.0034374362891838872,0.004793006881218617,0.004776140922471758,0.004562466897024431,0.004500030443535295,0.004499159447878233
0.0033418265930613054,0.003341834760889621,0.003341857366897616,0.0033418402128981813,0.003341853561720768,0.0033416255148023357,0.0033412938727014965,0.0033403734968527805,0.0033392539410850197,0.003336745257846015,0.003333066281213046,0.003328103876905154,0.003321507279398095,0.003314902070539892,0.003307389315076002,0.003309868030812876,0.003309843630998182,0.003333393934830961,0.0033534393460996456,0.0033773213767280224,0.00338447521944185,0.0033869438719025453,0.0033802147830507894,0.003379716378758177,0.003374033160644811,0.003372112459490524,0.0033699699045440707,0.003367821925498733,0.0033654302126398237,0.003358660041210666,0.00334812533549621,0.003327920684775982,0.003303150870558366,0.003258109895802972,0.003175094713314213,0.0030771701080670568,0.0029601241083630167,0.0029035265536116748,0.0029340406898157585,0.0031590663533908317,0.004714740983157192,0.004688249393166949,0.004432603569824104,0.004355040304911913,0.00432745655831905
0.003469207223590585,0.0033760770120775194,0.0034176558521260207,0.0034035598350462206,0.0033890302679477373,0.003380005817447057,0.0033810429934332015,0.003379522910960535,0.0033784930309823115,0.003376902453236177,0.003375669699060967,0.0033746414847606447,0.0033737032938180515,0.003373160513981216,0.0033744482782060025,0.003375875313222285,0.0033819366387766807,0.0033827443457372934,0.0033897273588292436,0.003386642219396474,0.0033774593810579944,0.0033519909630553217,0.003329687383814327,0.003305096040902863,0.003304681779362063,0.0033013709607453688,0.0033080128021814575,0.0033122449768163004,0.003316021534637219,0.003314582207823397,0.0033086048544939987,0.003295057137820244,0.0032780889946731518,0.0032503849717632842,0.0031927655843954367,0.003135673588557172,0.0030837658980937908,0.0030934946744361927,0.003171897842817621,0.0034037701009816956,0.004767160819048026,0.004754403434709025,0.004539459780600526,0.0044959063491164415,0.0044968745300556666
0.0034665902715740877,0.003373636315077466,0.0034152294636405913,0.003401200944013214,0.003386730513888097,0.0033777375930917953,0.003378790381448949,0.0033772992950955147,0.0033762929586992818,0.003374729100599202,0.003373519190325372,0.0033725120985886657,0.0033715883206449173,0.0033710551272556678,0.003372328501733735,0.0033737552439137824,0.0033797757043557944,0.0033805823508723707,0.0033875705651137907,0.003384584569452606,0.003375602822989835,0.0033503619883992427,0.0033283871884453916,0.0033039893693204213,0.0033037195642786937,0.0033003069647771334,0.003306743130235784,0.0033100659110712476,0.003312582770471617,0.0033080166329008415,0.0032974764657587976,0.003276076327787531,0.0032486188069297977,0.003205662879275694,0.0031254996158376707,0.00305003007638776,0.002974073963068123,0.00298155940601918,0.0030735342217748434,0.003356954007458174,0.004744722152897807,0.004709545795942144,0.004449252209590336,0.004371782293486204,0.004336233743036366
0.003465979553879266,0.0033731750037292703,0.003414813027435584,0.0034009221524868277,0.0033866708715231866,0.003377932471040828,0.003379318933114118,0.0033782583266162808,0.0033778664538538024,0.0033769021653917534,0.0033763257429051193,0.0033758108066070064,0.0033753093680444638,0.003374736278273331,0.0033741661836105617,0.003373621656802576,0.0033730795916494362,0.003372515925348165,0.003371955147045954,0.0033713581755103767,0.0033707636697862323,0.003370093837607364,0.0033693969755921294,0.0033685397171300466,0.0033676294048483224,0.0033662557519711575,0.003364605886658602,0.00336172199202392,0.0033584015191279216,0.0033516933184614774,0.00334167568623267,0.003324880842737684,0.0033052743546383608,0.003272620245634839,0.0032091221554901702,0.0031429366695968027,0.00308084946728839,0.0030890750769056244,0.0031940379896870136,0.003468452657383283,0.0047762135263437824,0.0047455896273889235,0.004533062371180907,0.004471320884201217,0.004471462412765699
0.003464593826752019,0.00337187036816019,0.0034135196085539506,0.0033996615609132087,0.003385437924976122,0.0033767159732767194,0.003378110706765583,0.003377064478281912,0.003376687129817822,0.003375738940741295,0.0033751798161236433,0.003374684944179945,0.0033742025343481206,0.0033736507302068023,0.003373107711147442,0.003372583056422355,0.0033720640657949716,0.003371530653522382,0.003370998343671861,0.0033704296549522993,0.003369861919000468,0.0033692200397854376,0.0033685604735742038,0.003367715947843102,0.0033668302832586547,0.003365382233553584,0.0033636821068399525,0.0033604131374936094,0.0033566065176665015,0.0033484071366039225,0.0033363867737258774,0.003314813984379508,0.0032884798939091407,0.0032430144783757086,0.0031603049531627016,0.0030653319974560185,0.0029523134236393157,0.002906890322053712,0.0029585094113159416,0.0031966614181905993,0.004701761602329067,0.004660276403349937,0.004404899353730166,0.004327273891686026,0.0043002773717231765
0.0033392148300481076,0.0033392047536597805,0.003339214835590885,0.003339097991897816,0.0033390030793378277,0.0033384004627923973,0.0033376007188684604,0.0033354177654826467,0.0033328533253967245,0.0033267689803057367,0.003317541910449735,0.003301991129303434,0.0032847496166682707,0.0032564822138067204,0.0031984282564381556,0.0031402179179509724,0.0030890240858414478,0.0030938789150927273,0.0031554428344204516,0.003383537608218867,0.004765854373525439,0.004759820193267862,0.0045440892975179776,0.004499026247278647,0.00449792790165813,0.004476083886726593,0.0044557995156647365,0.0044463789148249735,0.004443465581990332,0.004440747190150161,0.0044403316865475415,0.004442099685248541,0.0044440278361679965,0.004452363643322201,0.004471702714020679,0.004492129937866702,0.0044911923413900505,0.0045335138872818325,0.004746915887980806,0.00474791101873109,0.0033577750878334063,0.003156205186011775,0.00308429043842504,0.0030800225499518644,0.003132675351654357
0.0033443508048902207,0.0033443407323160124,0.0033443514108893817,0.0033442333603588173,0.0033441369588893175,0.0033435314962335333,0.0033427266453643473,0.003340530416325607,0.0033379483717681036,0.003331839001176354,0.003322557408599772,0.003306927734069222,0.0032895889537281793,0.0032612113957354054,0.0032028820462279774,0.003144418325958798,0.0030927603912378554,0.0030978718656016037,0.0031609616958202897,0.0033873023390985353,0.004776589641734687,0.004771101196084512,0.004555211406658495,0.00450996150072016,0.0045088627573066625,0.004486886036285368,0.004466495042443985,0.004456782864561246,0.004453676942354388,0.004450151793555767,0.0044484887703033615,0.004448760777813266,0.00444842195926409,0.00445524718325114,0.004473962626450291,0.004501788356496822,0.004502736589567125,0.004565163863997234,0.004778791882770716,0.004795141986183597,0.0034374863121228298,0.0031785735805621848,0.0030905605255362413,0.0030918530009713405,0.003156516438523099
0.003345424810918162,0.0033454470897655644,0.003345535768299182,0.003345469369415995,0.0033454648860376554,0.0033447241517082413,0.003343720413833462,0.0033405898216351954,0.003336734344586993,0.0033273836159849195,0.0033134172080418658,0.0032895915140289567,0.0032613707138446544,0.0032170393154214946,0.0031352907588404286,0.0030571848678874673,0.002978926145359181,0.002981177198278782,0.0030588425864104436,0.003337917902503195,0.00475848433192615,0.004731923690125023,0.004471221888071303,0.00439277581378233,0.004355593841146318,0.004308856895618823,0.004268785532735681,0.004246199458393982,0.004235808805540178,0.004229621973960496,0.004229624499202076,0.0042358068975161586,0.004246203292032427,0.004268788690767329,0.0043088587963961995,0.004355604048016176,0.004392795588147513,0.004471245208185916,0.004731944439861384,0.004758513056045979,0.003338098840346011,0.0030590628679628314,0.0029814440731117608,0.0029791542443920794,0.0030573802657557704
0.003340388303014844,0.003340410539416174,0.0033404983251536778,0.003340432248705392,0.0033404294772612537,0.003339694101486793,0.003338694549308818,0.0033355854984248048,0.003331749122082618,0.0033224546281650277,0.0033085610166371216,0.0032848644278136714,0.0032568051253146235,0.003212677413943058,0.0031313550106752165,0.0030535929097074074,0.00297590550249459,0.002977840884618414,0.003053675111765366,0.003334443379392236,0.0047481348639501824,0.004721006666468054,0.004460920671594779,0.004382872848653682,0.004345980687327024,0.004299481349976394,0.004259586703899072,0.004236937199121132,0.004226423937819791,0.004219632837644265,0.0042187075823734025,0.0042234254032153945,0.0042316524905416245,0.004251650369292354,0.0042890100207987,0.004334047493559459,0.004362978515165739,0.004442654814535388,0.004699254580809455,0.0047310849019738975,0.0031681612780176303,0.002916388099196442,0.0029084594894173903,0.0029684138262622097,0.0030848165578285895
0.003469106763684159,0.003375998754481609,0.003417555481181718,0.0034033763012914285,0.003388777433725806,0.0033793327492872335,0.003379790035631608,0.0033766304980117137,0.003373774079724018,0.0033670576123937053,0.0033574933506104482,0.0033412630287316084,0.0033226128911109025,0.003290133875388124,0.0032262241204739067,0.003158378306657292,0.0030947533876179018,0.003098465069113459,0.0031901043550126478,0.0034861770309995805,0.004807192022958492,0.0047777968569752294,0.0045627105729360825,0.004498881499907351,0.0044976076883379654,0.0044693250942863675,0.0044504695305224795,0.004443562609159086,0.004443870012075708,0.0044435892937097895,0.004445258969505226,0.004448790955344325,0.004451898473321502,0.0044615888527475495,0.004481922845824796,0.004503742121542692,0.004504764413018957,0.004549781380514245,0.004765451298163239,0.004773903188743452,0.003409911600991985,0.003160510969716618,0.0030973859744099514,0.00309128093409502,0.00314263772148235
0.0034691323617422336,0.003375996013603913,0.003417560555012046,0.003403377574153211,0.0033887721974177917,0.0033793269821735007,0.0033797831653302563,0.003376623481327488,0.00337376931830279,0.0033670496872786663,0.0033574849125934756,0.0033412562635909563,0.0033226048910093326,0.003290128425246778,0.0032262181425927305,0.0031583752341390026,0.003094755118653827,0.0030984694917123527,0.0031901295818071926,0.0034862741228725794,0.0048072368363515855,0.004777848602198632,0.00456283186585622,0.004499062646129719,0.004497908885113541,0.004469669861191003,0.00445085646438321,0.0044438116516987355,0.004444062736802574,0.004443131822648482,0.004443715307671151,0.004445926552650298,0.004446996190830632,0.004455320378726744,0.004475309716851017,0.0045046878778587,0.0045074322522286984,0.004572840803866492,0.004788940898125007,0.004814842032179925,0.0034825717033912865,0.0031683296301213246,0.0030958955062636833,0.0030978014091280173,0.0031614380040272862
0.0034668235593442757,0.0033738765293178214,0.0034154375771477093,0.0034012877341029063,0.0033866955060529976,0.003377153173013614,0.003377507735975032,0.0033739215906660085,0.0033705294530064337,0.003362303160853842,0.0033507542997983342,0.003329796551332283,0.003304500456216277,0.0032592718508723116,0.0031767764811015905,0.003080099923387185,0.002964515484870489,0.002912954046420458,0.0029469754613377715,0.0032054716466261377,0.004729482018664024,0.004688986165227136,0.0044317771619819075,0.004352623838010616,0.004324581663455253,0.004279646792027228,0.004242435276353678,0.004222661948472591,0.004214772579371377,0.0042102634427114,0.004211388790298165,0.004218439102498818,0.004229377555055674,0.004252353967180757,0.004292492701993291,0.004339092228124951,0.004377168734176673,0.00445539664274114,0.0047136982244944114,0.004740311990414016,0.003350963251442985,0.0030296652445165545,0.0029692250114009898,0.002969783962170069,0.0030478969174914427
0.003464274693345822,0.0033715338924063917,0.0034130983318642247,0.0033990184256225955,0.003384490592279258,0.003374984825224874,0.003375355806032725,0.003371808378088757,0.003368454118029065,0.0033602861157520205,0.003348813893089195,0.003327971103575981,0.0033028312561527834,0.003257769895795299,0.0031755836852436245,0.00307921451158328,0.002964159420909597,0.0029124878300388155,0.0029445958108164456,0.0032053828333492096,0.004727048078323573,0.004685925204693606,0.004428993414321612,0.0043498553868650675,0.004321832663466153,0.004276913854664723,0.004239716588698502,0.0042197444765450735,0.0042116109702048325,0.004206390870044677,0.004206473050280265,0.004211922286089159,0.00422054084989225,0.004240734872530958,0.004277966497277844,0.0043226727079386145,0.004352037097656827,0.004431424673631016,0.004685484427870378,0.004714773544609233,0.003161272032125343,0.002878543737754323,0.0028947545625707216,0.0029615093087540043,0.0030772514481220447
0.0033365271425832566,0.003336518491107811,0.0033365276229365866,0.003336411466598146,0.003336317103852915,0.003335717012174318,0.003334920905676831,0.0033327417401278533,0.0033301835379284657,0.0033241187300991114,0.003314914043039908,0.0032994066371800153,0.0032822213591882045,0.0032540128440216145,0.003196106144419397,0.003138035745419655,0.003087182042339499,0.0030919407830926893,0.003152747169708179,0.003382027030205728,0.004760399801014774,0.0047541164219116324,0.00453867726143614,0.004493901766584704,0.004493070734892308,0.004471487666713069,0.004451496706528834,0.004442143669990349,0.0044394165860921235,0.004435913390310465,0.004434036247814388,0.004432796379503023,0.004432539412734452,0.004432121310448885,0.004431927244215895,0.004431644256595399,0.004431373289794668,0.004431003630134025,0.004430579611229601,0.00443008652359621,0.0044295170000637415,0.004428884028692989,0.004428173379854612,0.004427374080624855,0.004426511825943362
0.00334045792268875,0.00334044821296353,0.0033404591386377164,0.003340340891317835,0.003340246559422286,0.003339643559926334,0.003338843985284955,0.0033366532827256543,0.0033340853001680728,0.003327997845791239,0.0033187543917366697,0.0033031847505391146,0.0032859185889106317,0.003257624260500454,0.0031995041603119683,0.0031412236682208136,0.0030898957358381925,0.0030947936636285174,0.003156740538293509,0.0033843908784708682,0.004768442234822285,0.004762526847073224,0.004546782903958649,0.004501659888737722,0.004500571491806718,0.004478482906307175,0.00445789509303781,0.00444750181124479,0.004443536706222008,0.004437767490609603,0.004432818944056574,0.004427040513670295,0.004420733639806188,0.004412749028498774,0.0044032314425806515,0.004397160421931276,0.004388015164692485,0.004391619787843984,0.004392931614579378,0.00439447809509516,0.0043829691680084765,0.004358652029809464,0.004325720596791565,0.004293950016576268,0.004264530272081087
0.0033404186913189794,0.003340440917552228,0.0033405299489253915,0.003340463936368812,0.003340460958487684,0.0033397246683008522,0.0033387263235269437,0.00333561736585769,0.003331780117093024,0.003322485439763853,0.0033085912080523263,0.00328489730032834,0.0032568360909931704,0.003212709300757307,0.003131386644637276,0.0030536232936777424,0.002975944355311873,0.00297787568515253,0.0030537197954732965,0.0033345201157923467,0.004748152223434935,0.004721019936972261,0.004460952257315663,0.004382897276661251,0.004346003058297802,0.004299425461767992,0.004259440740148132,0.00423647396115351,0.004225654607975395,0.004217705826405989,0.004214961594245946,0.004216337800567888,0.004221958580609158,0.004232411450892567,0.004248747301053516,0.004271313687296868,0.0043008138617106504,0.0043326788167220125,0.004365912383431794,0.004390414654797735,0.004402333977753979,0.004400482775767928,0.004398852420452905,0.00439436209686649,0.004402493553422972
0.0033470365900822325,0.0033470590564577845,0.003347148401747934,0.003347080307224086,0.003347077074269481,0.003346333969891422,0.003345327345996372,0.0033421899388848177,0.003338326364041031,0.003328963352785437,0.003314967748226985,0.003291102888712747,0.003262835464912918,0.003218442313570703,0.0031365583508966874,0.003058357008399608,0.002979970817609491,0.002982354291385175,0.003060630163628654,0.0033393379829983537,0.004761932842080183,0.004735600902923346,0.00447482732189665,0.0043963575188850105,0.004359247272518473,0.004312361919368947,0.004272140143335866,0.004248689606133138,0.00423731464435429,0.0042277993483843855,0.004222831904515995,0.0042195155053325805,0.004218548138537526,0.004217710664783188,0.004217626635402076,0.004217535049289586,0.004217668534099411,0.004217735291525807,0.004217828752205384,0.004217863076582276,0.004217876463863121,0.004217853501319905,0.004217790601978252,0.004217731493089972,0.004217624695638367
0.0034690904210158326,0.003375994154896453,0.0034175472114246737,0.0034033711523677236,0.003388775313760518,0.003379334160610628,0.0033797895276502276,0.0033766302697461636,0.003373776728871048,0.003367057608457333,0.0033574906109885053,0.003341261908570292,0.003322610615243636,0.003290134111055197,0.0032262216892088957,0.0031583861283553485,0.0030947933061517474,0.0030985520569048576,0.003190316545438451,0.0034865442534166916,0.004807300629389605,0.004777961130572061,0.0045630308596803495,0.004499355740214239,0.004498310388482044,0.004470178828201209,0.004451532346238466,0.004444572119650514,0.004444939865171771,0.004443707657893922,0.004443745599802129,0.004443982675671163,0.00444454650557363,0.004445010104116707,0.0044454810436723715,0.004445841576186406,0.004446125761310199,0.004446351491106238,0.0044465018798117446,0.004446574762666347,0.004446583157346034,0.004446518882085425,0.004446379002303428,0.004446175300879177,0.004445882732151812
0.003469986758115423,0.003376796057284353,0.003418356980348312,0.003404157170494913,0.0033895369795535436,0.0033800815154951718,0.0033805280111720367,0.003377360793171953,0.00337449062770184,0.003367754966231773,0.0033581714044513544,0.0033419153652745146,0.003323226417086434,0.0032907152704220012,0.0032267464899134075,0.0031588474022154326,0.003095156856742371,0.003098869683643021,0.0031908463694635823,0.0034862614709986234,0.0048081153939245145,0.004778919512598781,0.004563935284006404,0.0045001398784775696,0.0044989394168588655,0.0044704766051658915,0.0044513743522199755,0.004443549965648177,0.004442844357945203,0.0044395555289090186,0.004436738970294099,0.0044327313432866704,0.004427572497760642,0.004420859687706633,0.004412415627498774,0.004407454054369497,0.00439924933714043,0.004403728631871747,0.004405414973755385,0.0044072913404704615,0.0043953779042187665,0.004370828787265821,0.004337505137411957,0.004305547906008419,0.004275992457921702
0.0034690922474198958,0.003375929800767839,0.003417497233302348,0.0034032820251713516,0.003388632097865308,0.0033790564176633753,0.0033793944476626127,0.00337577655188445,0.0033723491664413257,0.0033640743735923605,0.0033524591429089576,0.0033314039447189356,0.0033059734728410105,0.003260604838883408,0.0031778418812938225,0.0030809140590478067,0.002964893619613252,0.002913444382387715,0.0029491824195598893,0.003205733894071797,0.0047316400912031905,0.004691686256647877,0.004434343931627578,0.004355203433627102,0.004327223304662063,0.004282120761773389,0.004244711727120231,0.0042243407781638485,0.004215864126157549,0.00420941427104163,0.004207622345086362,0.004209637901132744,0.004215489300401093,0.00422610683378598,0.004242547429708196,0.004265085280159802,0.004294558414996402,0.004326525492070506,0.004359689138733122,0.0043843666130961275,0.004396225026837242,0.004394915175512642,0.0043938081200760905,0.00439032691382548,0.004399661686097979
0.003466423618543754,0.0033734783771037237,0.0034150485075468925,0.0034009061205382296,0.003386320280592234,0.0033767827008582664,0.003377138096427922,0.0033735581986270935,0.0033701716303863997,0.0033619572932681086,0.0033504183699366286,0.0033294828013441186,0.0033042136924940216,0.0032590181420686084,0.0031765732988982332,0.0030799625395944294,0.0029644916801429373,0.0029129625961552786,0.002946743767487479,0.003205776731301321,0.0047291816162056315,0.004688605114118007,0.004431577300353375,0.004352509200752278,0.00432461833803839,0.004279605670821843,0.004242303660857806,0.00422166773542812,0.00421274959968619,0.004204838757339231,0.004200889971484084,0.004198284447645559,0.004197553060010415,0.004196947471479263,0.004196895012040355,0.004196843872526128,0.004196944237300536,0.004197003200598867,0.004197063668003466,0.0041971028230134945,0.0041971054793138425,0.004197085483933471,0.0041970435784002185,0.0041969899264583214,0.004196908578709704
0.004465436986333156,0.004456261955002515,0.0044418280342399885,0.004441361475065359,0.004442340568330431,0.004443298389079296,0.004441849825996278,0.004441382490708508,0.004440943981342337,0.0044414903607413285,0.004442586085969438,0.004445243137662012,0.0044470474356950365,0.0044553881661175574,0.004474463424723163,0.004494619926285429,0.004493274835239131,0.004535110174032971,0.00474804228094523,0.004746738898814185,0.003350355684373715,0.0031555304071558504,0.003083120962769986,0.0030795545683866953,0.003132605913945308,0.0031914512450013075,0.0032500378280933048,0.0032788921534636735,0.003297018450546908,0.003313055929444654,0.0033226121170055797,0.0033289473760047543,0.0033316814176609145,0.0033339813605788456,0.003334820889761472,0.0033354582379125793,0.00333555998259238,0.003335689461539225,0.003335674379048205,0.003335680909860578,0.003335685606904153,0.0033356960467183935,0.0033357285055030887,0.0033356818320692387,0.0033356530622444497
0.004468440540495871,0.00445925664565488,0.0044447797332248075,0.004444303297515589,0.004445267485140667,0.004446209930380193,0.0044447427994036455,0.00444424980196852,0.004443784016295281,0.004444301583970376,0.004445363732016025,0.004447985052652587,0.004449751499176585,0.004458045407275018,0.004477091272402449,0.0044972009182830085,0.004495751808836119,0.004537495589726055,0.004750391418062286,0.004748555957090307,0.003349917829900412,0.003157075783744766,0.003083792934542755,0.00308017591502601,0.003133457820021839,0.00319217584290797,0.0032505167599543843,0.0032785092250732905,0.0032955957821498454,0.0033091693141177997,0.0033150978313295338,0.003316439446678238,0.003312557187407751,0.003308164994516506,0.003301355701646236,0.003304438466347572,0.00330468195934738,0.0033290999437676607,0.003351287352109898,0.003376744023679137,0.0033860384956710078,0.003389135450852687,0.0033820567151203757,0.0033811132593547493,0.003374851854410246
0.004470575932655018,0.0044614128264614415,0.004446952965524658,0.004446518803078169,0.004447570980374709,0.004448534689542223,0.004447082303970444,0.004446413651723539,0.004445856445325071,0.004445681473885829,0.004445600852595186,0.004446817395434893,0.00444644822028861,0.004453335375383157,0.00447184842941952,0.0044994760482144945,0.004500167698632145,0.004562275589028666,0.004775626681563786,0.004790601815125782,0.0034303716300441724,0.003175261415305017,0.0030883862469832605,0.0030904746437565482,0.003155196228958132,0.0032241834204174602,0.0032884139917775225,0.003320596654680848,0.0033386363088645926,0.003354048363874193,0.003362563543979411,0.003367801660291882,0.0033696342017216453,0.0033713405669184393,0.003373337549593666,0.003375134455024353,0.003380777583723092,0.0033812311819858536,0.0033879668503640783,0.003385528272323293,0.003378458981889149,0.0033546263286228254,0.003334652846440682,0.003311062483381147,0.0033110552925171943
0.0044702441087015755,0.004461081654601755,0.004446627974081888,0.004446194692518626,0.004447246629465317,0.004448214728212971,0.004446762195717538,0.00444609760374825,0.004445543494649908,0.004445372172580951,0.004445294582736472,0.0044465154075635826,0.004446152463252088,0.004453043150618007,0.004471562470979081,0.00449919226578514,0.004499897877525722,0.004562006529609848,0.0047753481475490646,0.004790375187494817,0.003430403030517567,0.003175191056671039,0.003088518032918357,0.003090758053480919,0.0031556218160564086,0.0032248710897756086,0.003289441642576631,0.003322093392584928,0.003340799972133201,0.00335695211675139,0.003366286439795987,0.0033723181994002654,0.0033750086436563844,0.003377298011683766,0.0033783977501093848,0.003379233438783653,0.0033795987514984318,0.0033799058199745877,0.0033800482927998235,0.0033801314903437003,0.00338014009582911,0.003380081276586083,0.0033799675341139174,0.003379735467116339,0.0033794493342197045
0.004213060692529657,0.004213026885131212,0.004212949633127575,0.004212881545597049,0.0042127512682495075,0.004212835219378623,0.004212931556800451,0.004213760686321502,0.004214726473947385,0.004218031886920501,0.0042229826075329555,0.00423246489601406,0.004243797047205166,0.004267179044656106,0.004307282506719678,0.004354032058583563,0.004391003593467344,0.004469273894843521,0.0047297329857389015,0.0047563685552009394,0.0033374511858153075,0.003057860087683276,0.0029805642054599544,0.0029783468523626386,0.0030564403224702203,0.003134457396889937,0.0032161122936991476,0.003260398042774095,0.0032885771683874698,0.00331237734694393,0.003326333766313157,0.003335671447416066,0.0033395131907770865,0.0033426429155235197,0.0033436424561528524,0.003344372237865786,0.00334436747484276,0.003344416715489127,0.0033442993054604024,0.0033442371313390155,0.0033441842777016885,0.0033441502580774736,0.0033441584969039696,0.0033440880500254936,0.0033440470208660196
0.0042078571573562025,0.004207824929089361,0.004207745730939251,0.004207678650016122,0.004207550607833618,0.004207631843518309,0.004207728963095964,0.004208554179978564,0.0042095169002070235,0.004212810543202926,0.004217744201552339,0.00422719272990911,0.004238483793270365,0.004261778181824383,0.004301769307668432,0.004348364833425126,0.004385199816347085,0.004463257804323555,0.004723344957309056,0.004750327516358573,0.0033355741908069063,0.0030551627754299743,0.002978868366932517,0.002976801292587044,0.003054601495093376,0.0031321973307641836,0.003213255018397254,0.003256507077587879,0.003283480538766325,0.0033047045640141365,0.003314941174752928,0.003319301619666743,0.0033165625870355624,0.0033130757067906585,0.003306565344864705,0.0033097622327379226,0.0033097151016618876,0.0033332672979881966,0.003353139628854811,0.003376906438600219,0.003383949138391371,0.0033863477750912274,0.0033795982756417283,0.0033791346460522696,0.0033735177299264256
0.0042092915011291985,0.004209264700002095,0.0042091980002479865,0.004209144603543836,0.004209049218170279,0.004209102769275544,0.004209163839120455,0.004209789947598302,0.004210553898065645,0.004213211016074886,0.00421722073334279,0.00422524352342111,0.004234449302521359,0.0042553063375494644,0.004292812677373592,0.004338011072638114,0.004366835933266008,0.004446577883103804,0.004703271660603732,0.0047349047043549735,0.0031694915073840696,0.0029180139450466465,0.0029094052402716176,0.0029694827138560986,0.0030863492369931885,0.0031834520980554087,0.0032642456952888233,0.003307805551264783,0.0033305828953238024,0.003349506327680089,0.00335905023863227,0.003365169019503008,0.0033671798687241717,0.0033692302054927218,0.003371719079706808,0.0033741012035465165,0.0033805981640197096,0.0033817909375654905,0.003388991450449396,0.0033859587282709007,0.0033766167868185663,0.0033511573602680333,0.003328932094211689,0.0033045075017613694,0.003304349589435858
0.004204682034447139,0.004204655555557844,0.004204588955798036,0.004204536036832606,0.004204439595773513,0.004204495413161687,0.004204554470779446,0.004205178376649257,0.004205941498571605,0.004208589682579002,0.004212587129834691,0.0042205869719626555,0.004229757954162258,0.004250558834933901,0.004287966331940141,0.004333038310633591,0.004361776512864107,0.004441298216469724,0.0046976266583602265,0.0047294801633166565,0.003167984910126519,0.002916068361229343,0.002908421628880015,0.0029685404111671884,0.003084922371596547,0.003181999544589641,0.0032629287470759788,0.0033068572141985567,0.0033302475457537483,0.0033497616785801553,0.0033600044014538014,0.0033666434202756067,0.0033691474337719123,0.0033712145543694353,0.0033718601036282644,0.003372247822150735,0.003372128942080355,0.0033719373031015857,0.003371572498187583,0.0033711574770562015,0.0033706608268389655,0.003370083345027122,0.0033694745762453456,0.0033686828629426345,0.0033678559158615185
0.004457423105842259,0.0044482706592730925,0.004433953046189055,0.004433507906518532,0.0044345338213530126,0.004435527607123969,0.004434138281515862,0.004433733761300108,0.004433368863487395,0.004433995653611759,0.004435176078810194,0.004437930996494715,0.004439856312670405,0.004448309773110535,0.004467477873564316,0.004487779034641654,0.00448672802841367,0.0045288476168862035,0.004741884788295473,0.0047420340103379865,0.003352172623850376,0.003152150504230359,0.0030822626423407224,0.0030786637440372903,0.0031309953801899643,0.0031890124501710135,0.0032465549136089997,0.0032731751511691836,0.00328869281710263,0.003298757940525103,0.003299293688886203,0.0032904911252991088,0.0032768107428781668,0.00325146975365142,0.003194928271516784,0.0031383057548041685,0.003089653592763493,0.003095923205212742,0.003146429953343262,0.0034002082005036454,0.004765464080284551,0.004753306677183347,0.004536357541802962,0.0044891149580976635,0.004486243295728662
0.004462508580280019,0.004453341798414549,0.004438951035432013,0.004438490608071329,0.004439488533064588,0.004440457942768586,0.004439033454929664,0.004438589172665981,0.004438175756045718,0.004438753575206979,0.004439879212363418,0.004442571668959004,0.004444430488894284,0.004452806557420279,0.004471924104537027,0.004492140041564884,0.004490914371041621,0.004532863017724974,0.004745834569806016,0.004745063459058034,0.0033512962784667272,0.0031546986934694547,0.0030833616820106127,0.0030797941161551825,0.0031326182067316867,0.0031906792819188724,0.003248177940402326,0.0032739610792477582,0.003288327219037213,0.0032952333818071205,0.0032911501213020496,0.0032741232325147794,0.0032495927629023775,0.0032080389960451464,0.0031278911381050624,0.0030508140901830553,0.002973801663398166,0.00297624154296787,0.003039420937962763,0.003350624706608039,0.004752078766308108,0.0047186776854601705,0.004458209422369203,0.004378419576644566,0.004339966568522296
0.004468513769551046,0.004459356848935994,0.00444492792110412,0.004444498123779592,0.004445561853437358,0.004446537543116415,0.004445101217047112,0.004444449957259848,0.004443913485202506,0.00444376087757953,0.004443704952654408,0.004444951772192003,0.004444612028465979,0.004451529434133849,0.004470068151907236,0.004497723731230184,0.004498450118076124,0.004560599841981379,0.004774032862010594,0.004789324689931015,0.003430386559535585,0.00317421892938021,0.0030878088600639654,0.0030898291058609924,0.003154384523922953,0.0032229124585529427,0.0032865187372222516,0.0033171749947175965,0.0033335927578010773,0.003344267535997944,0.003345007712085028,0.0033358810024646792,0.0033214357032803877,0.003292146821718077,0.0032298187317751467,0.0031619966584574585,0.003098391813311141,0.003095601853483547,0.003166687884890994,0.0034534890852523357,0.004811991805087286,0.004789399539851362,0.004573292949372221,0.004507817041602365,0.004505002475530958
0.004472916706822486,0.004463747198284229,0.004449254582469888,0.004448813062510906,0.004449850954708205,0.004450803976407366,0.004449332143477252,0.004448646243948145,0.004448065252540127,0.004447862768842258,0.004447752364976475,0.004448936911759921,0.004448530187382035,0.00445537721337921,0.004473852861245639,0.0045014480176622206,0.004502094002135406,0.004564141683734045,0.0047774105072774554,0.004792013609540748,0.0034304702917611536,0.0031765843674393017,0.003088962153384992,0.003090816482177916,0.003155515649178226,0.0032240463603932625,0.003287687434862115,0.003317973074571247,0.0033339065613918646,0.0033431198659329506,0.003341917908256766,0.003328097056985285,0.0033070413090149765,0.0032649809274559764,0.0031845083748869045,0.0030875570684694167,0.0029702369081534667,0.002910145776325798,0.0029202209401088305,0.0031659895020129413,0.004737618110064613,0.0047072823919985275,0.0044502938072921725,0.004370479594323691,0.004341510685181816
0.004207179628801564,0.004207147593363375,0.004207068702313832,0.004207002242715095,0.004206872578899105,0.00420695527135464,0.0042070515545161455,0.004207877327527731,0.004208838460253847,0.004212130436950827,0.004217061892596458,0.004226507407446469,0.004237789528982706,0.004261080636642169,0.004301049988015379,0.004347628567067997,0.004384450812700754,0.00446247880592086,0.004722526999552991,0.004749553575717025,0.0033353702703410133,0.0030547887209769644,0.0029786474077566328,0.002976512900826576,0.003054152835517857,0.003131356276963082,0.003211900547548445,0.003253873986969539,0.0032793743051615404,0.0032969992169542784,0.003301663862901251,0.003295390857794557,0.003281971490807886,0.0032567790802790343,0.0031996674036646336,0.003142095644320323,0.003090759935507759,0.00309573634743584,0.003157669150105072,0.0033851010230964984,0.004769168642177013,0.004763309711106666,0.004547580847439424,0.004502503386806549,0.004501473274403178
0.004217844183556903,0.004217810750518438,0.004217732452372883,0.00421766473217556,0.004217534097223393,0.004217617733182463,0.004217714449984225,0.00421854686126539,0.004219515528037302,0.004222833164853615,0.004227799008881156,0.004237314026332207,0.004248695013407488,0.004272148046605371,0.004312374332339406,0.0043592708718929625,0.004396397027558255,0.004474882744335432,0.0047356591012668505,0.004761994681995465,0.0033397263807793693,0.0030611624282366697,0.0029830612654408715,0.0029806476551922857,0.0030590056532003988,0.0031364793249662147,0.003217297315496784,0.003258561253857922,0.003282942333585597,0.0032974332097100174,0.0032974396024201963,0.0032829372521101575,0.0032585555609965754,0.0032172998845668957,0.0031364747097409845,0.003059001656967949,0.0029806102787052076,0.0029829914901164253,0.0030610301111043416,0.0033395158251288506,0.004761920767561546,0.0047355539794282425,0.0044746752477661965,0.004396106514701264,0.004358862122701443
0.0042112510611961845,0.00421122514000107,0.004211158740279088,0.004211103463746835,0.00421100883876069,0.004211064230748245,0.0042111231225640654,0.004211748394509358,0.004212517751769446,0.004215174780562586,0.0042191899770005915,0.004227226464653634,0.004236436094869033,0.004257320547695612,0.004294871136571436,0.004340119885424805,0.004368995172104225,0.004448818655171474,0.004705651438474126,0.004737200263909584,0.0031702586977504082,0.0029188501009213995,0.002909979524138064,0.0029699581341340714,0.0030869405932093617,0.0031837163761759637,0.0032639731881303575,0.0033059071350186988,0.0033268425682007456,0.0033405720925718694,0.0033417126799876844,0.003332469545548907,0.003316506799563651,0.0032862439839032656,0.003222728200157402,0.003154437163968357,0.0030899871604933033,0.0030888521422354764,0.003177293046547119,0.003435543446773997,0.00479101029339722,0.004774725417685727,0.004561362726380811,0.004499213521760918,0.004498536509860946
0.004207468736844825,0.0042074422571448345,0.004207375514536258,0.004207322274986542,0.004207226753899322,0.00420728041212103,0.0042073412603351856,0.004207966775304863,0.004208732916683521,0.004211381587676041,0.004215387773453203,0.004223402894955757,0.004232594771625624,0.004253424436835779,0.004290893862652469,0.004336042739087728,0.004364833158163797,0.004444479957916285,0.004701048449316952,0.0047327746654130505,0.003168991747585081,0.0029172063562548024,0.0029088634726833146,0.002968703236583056,0.003085178064364227,0.0031815903215419174,0.0032615717346519695,0.003302992223175805,0.0033233507236115636,0.003335546116911179,0.0033346519742657346,0.00332064247925924,0.003297961803252449,0.003254855596402311,0.0031725426685429623,0.003075281097877333,0.002958706484599615,0.0029025122638949435,0.002933753852402654,0.0031582129358561357,0.004711397210001516,0.00468492167458153,0.004429566750260258,0.004352206507549752,0.004324730509238136
0.004459073081065674,0.004449963509251251,0.004435721879060839,0.00443539786851301,0.004436615734691461,0.004437760518289444,0.004436578695753729,0.004436149199194977,0.004435892147987389,0.004435660054470922,0.0044352955852708245,0.004434952112086576,0.004434602695869127,0.004434215068560419,0.004433785367123229,0.0044333230638884304,0.004432822995978198,0.004432279228400259,0.004431695446807014,0.004431058223468662,0.00443037501043984,0.004429631561360829,0.004428826209954101,0.004427959551641588,0.004426998537328431,0.004426051329881013,0.004425019225575567,0.00442416241917102,0.004423148278132097,0.00442302812471577,0.004423576760449347,0.004425531742787311,0.004426570387699915,0.004433971007721652,0.004452190206836407,0.004470981227523994,0.004467884227064734,0.00450682423192792,0.004716320041871332,0.0047109283577329766,0.0033193945055520055,0.00314537301819006,0.003066282052553553,0.003063342873678191,0.0031168338922019476
0.0044670190501302715,0.0044578867259507824,0.0044435295579619005,0.004443184923859264,0.004444356251510148,0.004445462763991533,0.004444223880759503,0.004443733550805221,0.004443400091157279,0.004443089443731275,0.004442637172518518,0.004442195822181548,0.004441742641612603,0.004441234577475129,0.004440685284086495,0.00444008790846795,0.004439454956295974,0.004438765073976104,0.004438031613712418,0.004437243361906538,0.004436412063010215,0.004435514253181897,0.004434564674823703,0.004433538749589897,0.004432466948331748,0.004431311655845787,0.0044300642842693225,0.00442877922001646,0.004427403851417565,0.004426293497079326,0.00442539297751109,0.004425593950225701,0.004424083879739383,0.004429717839996137,0.004446952548826811,0.00447279284764093,0.00447167977256459,0.004530238515579149,0.004739876410178449,0.0047489531884654925,0.0033998745177034714,0.0031708136779801843,0.0030718358436083062,0.003072628477937698,0.0031370193670199197
0.004464084419753616,0.004454914098182621,0.004440526315621073,0.004440048936052115,0.004441063188861101,0.004441818409276778,0.004440108645285426,0.0044387142859490455,0.004437264062731269,0.004434813512853894,0.004431424188161064,0.004426567721224845,0.004420220400107524,0.004412300612954223,0.0044025914237753126,0.004396376058279527,0.0043870429866079775,0.004390500812559066,0.0043916950911374675,0.0043931717072589315,0.0043816388141150525,0.004357310850192217,0.004324379020859034,0.004292616927525797,0.0042631687031876074,0.004240661909663233,0.004224236003453426,0.004213760832077425,0.004208044400823936,0.004206584878421548,0.0042091884881839655,0.004216900684851447,0.00422727656279738,0.004249722482663339,0.0042890646244300055,0.004334607397312178,0.004369524104983894,0.004444843256497062,0.004702706458498406,0.004722201555055553,0.0033010925459619803,0.0030582067917750916,0.002971166655538223,0.0029696503101574964,0.003046869573054343
0.004470737423463286,0.004461550123128868,0.004447065091586779,0.0044465668313596815,0.0044475459719180025,0.004448264666110656,0.004446504495770593,0.004445050054351146,0.004443531914796978,0.004441001486493176,0.004437522728807026,0.004432556345804559,0.004426089964313988,0.004418033742570488,0.004408178984804291,0.004401831345695625,0.004392354856794995,0.0043957326586692436,0.00439686108158166,0.004398271338300015,0.004386680999513891,0.004362240384459674,0.004329206744535341,0.004297321449398483,0.004267795426073412,0.004245184585665888,0.004228650021576584,0.004217948785426241,0.0042120267914424,0.004209952075698011,0.0042116895423669615,0.004218065009009656,0.004226464532459161,0.004246684358064728,0.004283883212033173,0.004328365181952813,0.004355907257962871,0.004433202374434138,0.004688617227520369,0.004712840967198715,0.0031523231356251286,0.0029333870802874203,0.0029024658501667485,0.0029597010508743073,0.0030770969649524835
0.00420614370080582,0.0042061171777814065,0.004206055789324904,0.004205991526543354,0.004205893220327668,0.004205867418421692,0.004205836661322525,0.004206136666664163,0.004206601317885059,0.004208093771851111,0.004210273827516955,0.004214939775997185,0.004221516474758602,0.004232793639488577,0.004249213343473303,0.0042718497770725195,0.004301217224975761,0.004332980549835705,0.004366118149179745,0.0043905221498754384,0.004402381933221087,0.004400455828993632,0.004398763237713672,0.004394214525748484,0.004402254811227375,0.004407134999995922,0.004415501459096061,0.004422333787143713,0.004427557365589589,0.0044322417482874415,0.004436189653398174,0.004440869632685986,0.004443679693608789,0.004452823726213317,0.004472322402893793,0.004492792415674286,0.004491564892120105,0.004533589223663658,0.004746674747848672,0.004746945477863525,0.0033551041027363466,0.0031568423319842695,0.0030836063690615305,0.003079383333252688,0.0031322958738209524
0.004209327700766148,0.004209300975002565,0.004209239037908256,0.004209175816677351,0.004209076669964851,0.004209050735696868,0.004209019412721193,0.004209322593803505,0.004209784633761785,0.004211280303942014,0.0042134654793641495,0.004218143928172273,0.00422472739077278,0.004236035490739338,0.0042524907616651505,0.0042751694150151886,0.00430459387156873,0.004336429344504082,0.004369632072819927,0.004394106263696562,0.004406005764646788,0.004404112524132919,0.004402450685964155,0.004397934343961692,0.004406067189512291,0.004410960929839964,0.00441933900049947,0.004425998481937358,0.004431103644662522,0.004435090929652493,0.004437873642505958,0.004441130525330975,0.004441782635951996,0.00444949269343159,0.004468425959982874,0.004496379357609789,0.004497203574038528,0.004559488050607335,0.004772998099508889,0.004789654801458824,0.003435299696242098,0.0031760778236169414,0.0030883551238472078,0.0030897082486427215,0.003154232561337898
0.004212923280000045,0.004212923190000007,0.004212923269999976,0.004212923780000155,0.0042129232700001545,0.004212923010000205,0.004212924600000391,0.004212923050000487,0.0042129241900005585,0.004212924590000764,0.004212923400000867,0.004212924610001052,0.004212926460001406,0.004212918860001829,0.004212921920002834,0.0042129142500038795,0.0042129074100051445,0.004212886820004692,0.004212863160002954,0.004212827290009503,0.004212766290085943,0.004212698370479747,0.0042125907720361195,0.004212509936800054,0.004212369541629784,0.004212448197334002,0.0042125397885541425,0.0042133716089701925,0.004214334783642029,0.0042176387729730685,0.0042225909230173796,0.004232072274842182,0.004243398424570957,0.004266773044532442,0.0043068810968769616,0.004353611768820513,0.004390586789412984,0.0044688426582704605,0.00472925152932834,0.004755923040959368,0.0033374974015900095,0.003057977551671955,0.0029807046359977183,0.0029784330028996735,0.003056484019478928
0.004209472055555674,0.004209471977777792,0.004209472266666709,0.004209473655555978,0.0042094703777783215,0.004209472177778518,0.004209475222223485,0.004209472277779325,0.004209472177779588,0.00420947227778021,0.004209475133335969,0.004209472266669637,0.004209472700004015,0.004209470911117497,0.004209470977790963,0.004209465866695415,0.0042094574000628064,0.004209448955674033,0.004209433655758421,0.004209396300267425,0.004209359133590855,0.004209309022307977,0.004209220900141318,0.004209158958332355,0.004209053106276664,0.004209105635084215,0.004209174483318158,0.004209778548416302,0.0042105560011962756,0.004213213033053154,0.004217206842999749,0.004225257535251215,0.004234441717150699,0.0042552984703426635,0.004292815388907789,0.004338008539481491,0.004366836825139591,0.0044465778816382496,0.00470326780327845,0.004734914719141548,0.003169534995267795,0.0029180069794458173,0.002909387293624911,0.0029693762395319903,0.0030861804986376394
0.004457698672015205,0.004448591165874951,0.004434370737357694,0.004434052259418261,0.004435275169441161,0.004436428444844885,0.004435253063189703,0.004434837029026115,0.0044345912669475,0.004434373653997645,0.004434024698750029,0.004433693623683098,0.00443336823950882,0.004433006224254581,0.004432590426354484,0.004432162940625551,0.004431694761151936,0.004431193941562945,0.004430661071967977,0.004430096821954917,0.004429501459610344,0.004428871068698934,0.004428215270654919,0.004427526016222596,0.00442680792038009,0.004426058607349744,0.004425282759846986,0.00442447182187848,0.0044236390505431504,0.004422764058548338,0.004421871777200923,0.004420943634686826,0.0044199886725108835,0.004418999861740636,0.004417987571637752,0.004416936361527389,0.004415863348208353,0.004414746998723883,0.0044136088275960736,0.004412428911259627,0.0044112174756995625,0.004409954805066938,0.00440865781056535,0.004407294716281199,0.004405890031701257
0.004457693705890897,0.004448586515284281,0.004434365869669382,0.004434047029573079,0.004435271873301879,0.004436422773891481,0.004435248618676652,0.004434832230691218,0.004434585444223129,0.004434368025158076,0.00443401654828937,0.004433687906202377,0.004433355138531843,0.004432985605331023,0.004432578019634159,0.004432128727163298,0.004431659876389931,0.004431142348767421,0.004430590813842575,0.0044299927755313525,0.0044293584498425855,0.004428661769092301,0.004427921074504397,0.004427072222617216,0.0044261657453548145,0.00442502597161822,0.004423742684726243,0.004421967400520053,0.00441994307955435,0.004416835618425271,0.004412885363081951,0.004407364839258367,0.004400319030192626,0.004391664270348637,0.004381228577306986,0.004374255935911943,0.004364238442285333,0.004367099542347205,0.004368136637731774,0.004369527566538944,0.004358568979638843,0.004334688798237288,0.004302348437426626,0.0042709562939920185,0.004241839829862824
0.00445943810638052,0.004450280976023225,0.004435961603840626,0.0044354963608762695,0.004436538062215863,0.004437315486486562,0.004435642644369178,0.0044342870547245524,0.00443288350797971,0.004430489439807587,0.004427161434340849,0.0044223839397447276,0.004416116588361623,0.004408294055153373,0.004398679829706766,0.004392571204260206,0.0043833300356983275,0.004386866135700871,0.004388110791052034,0.004389657061403386,0.004378191176976956,0.004353974500570969,0.004321155644575001,0.004289487802697442,0.004260147081707874,0.004237601408355448,0.004221095459183854,0.004210157277000497,0.0042040017061995595,0.004200839049524652,0.004200793112120908,0.004203944370705853,0.004209966677433895,0.004220874347661802,0.004237108371310168,0.004259671286070265,0.004288974134252734,0.004320688541139857,0.004353960981569858,0.004378451191169827,0.004390678095056013,0.004388543561443473,0.004386574966551174,0.004381291923313753,0.004388385817553966
0.0044670715599277695,0.004457894323852152,0.004443463196197493,0.00444297721012528,0.004443974150952488,0.004444712797573307,0.0044429836942522,0.004441561508844335,0.004440080512376851,0.004437595271466483,0.004434165404767025,0.004429262351269064,0.004422860007901316,0.004414882247848812,0.004405109009457568,0.0043988441837348865,0.004389447201906659,0.004392882928988613,0.004394065619227044,0.004395542256428326,0.004384026191207076,0.004359711083106333,0.004326825605189334,0.004295082512436804,0.004265725507636826,0.004243115263388783,0.004226572917922751,0.004215283794207005,0.004208651138187707,0.004203975066680499,0.004201780932945608,0.004200290042434425,0.004199820025811159,0.004199513750610364,0.004199546427642637,0.004199576007295882,0.004199667516694616,0.004199738581857635,0.004199793121102284,0.0041998164964140135,0.004199813168351268,0.004199787460644972,0.004199730029051187,0.004199672474019872,0.004199581916830019
0.004202427684141045,0.004202401341670531,0.004202340300439793,0.00420227637099759,0.004202177703655907,0.004202154232183365,0.004202119155146054,0.004202423698066681,0.004202881793154859,0.004204371568455431,0.0042065477622217785,0.004211202110979063,0.00421775848740722,0.00422901518511208,0.004245396056456616,0.0042679858122621145,0.004297287979362963,0.004328994468770866,0.00436208554076661,0.00438647956825604,0.0043983619652826515,0.0043965433382522874,0.0043949755390888445,0.004390613754963498,0.004398870700347218,0.004403931329234212,0.004412537807818982,0.004419391275316508,0.004424775344468895,0.004428651012912034,0.004431125835149946,0.0044327752602539095,0.004433430312866501,0.004433832239055389,0.0044337957811253605,0.004433609479670707,0.00443320419151381,0.004432732926953731,0.00443216350847777,0.004431526116256833,0.0044308310375713545,0.004430062426613787,0.004429243798713701,0.004428344463915059,0.004427386705822047
0.0042077255307929355,0.0042076987800033615,0.0042076370704284966,0.0042075733342818965,0.004207474530234072,0.004207449793795256,0.004207416778808221,0.004207719263024415,0.0042081825633385255,0.0042096773754581596,0.004211857558266198,0.004216531837435855,0.004223109558469006,0.004234403192481592,0.004250833237980113,0.004273497260035564,0.004302885234072725,0.004334681587400789,0.0043678481362083715,0.004392282174883491,0.004404161896679379,0.004402259721258107,0.004400595177758877,0.004396031421135612,0.0044040966224385475,0.004408757108080618,0.004416843367464766,0.004422731045816905,0.004426911041186839,0.0044285558514544215,0.004427973621144204,0.0044250819028403224,0.00441969106278998,0.0044125204536666456,0.00440313380218669,0.00439715376969869,0.004387863091433774,0.004391378671614895,0.004392595026827573,0.004394080151801665,0.004382570423879023,0.004358234089181266,0.004325307559941118,0.004293517050679693,0.00426407277769134
0.00420947460000017,0.004209474287500032,0.004209474587500088,0.004209475712500513,0.00420947365000072,0.004209475500001038,0.004209475500001587,0.004209474600002044,0.0042094750000026705,0.004209477450003685,0.0042094745250048585,0.004209475075006776,0.00420947458751059,0.004209477375017348,0.004209471750031221,0.0042094669125560865,0.0042094717376028505,0.00420945257517046,0.004209443137763676,0.004209414462823767,0.004209378250290196,0.004209325812585438,0.004209260912676182,0.004209177965589835,0.004209076868535307,0.004209051246255357,0.004209012235693889,0.004209316892078675,0.004209771808148851,0.004211278417512744,0.004213471132782786,0.004218128709001199,0.004224729223350826,0.00423602982292973,0.00425248312685661,0.00427517040876387,0.004304590974964123,0.004336427465052788,0.00436963040036815,0.004394106075271696,0.004406010507924328,0.00440412806356275,0.004402456949369333,0.004397944504909166,0.004406060056305126
0.004217208885714286,0.0042172088285714285,0.0042172088714285145,0.004217209942857201,0.0042172078,0.0042172088285713704,0.004217209957142887,0.0042172099714285856,0.004217209942857098,0.004217208885714316,0.004217208828571459,0.004217205614285699,0.004217208828571415,0.00421721105714284,0.004217211057142886,0.004217208857142866,0.004217208871428578,0.004217210999999944,0.004217208885714341,0.004217208914285688,0.004217208814285744,0.004217208885714286,0.004217208828571428,0.0042172088857142616,0.004217209914285684,0.004217208914285777,0.004217207742857145,0.004217211042857093,0.004217211057142857,0.004217206642857129,0.004217211071428696,0.004217206700000216,0.0042172110000009075,0.004217206742859798,0.0042172131571506155,0.004217208885732049,0.004217200171467857,0.004217195771501435,0.004217187057264644,0.0042171739572984925,0.004217147828714717,0.0042171173143252996,0.00421707808580626,0.004217034501700182,0.004216977781756744
